-- phpMyAdmin SQL Dump
-- version 5.0.2
-- https://www.phpmyadmin.net/
--
-- Máy chủ: 127.0.0.1:3306
-- Thời gian đã tạo: Th10 20, 2025 lúc 07:28 PM
-- Phiên bản máy phục vụ: 10.4.11-MariaDB
-- Phiên bản PHP: 7.4.4

SET SQL_MODE = "NO_AUTO_VALUE_ON_ZERO";
START TRANSACTION;
SET time_zone = "+00:00";


/*!40101 SET @OLD_CHARACTER_SET_CLIENT=@@CHARACTER_SET_CLIENT */;
/*!40101 SET @OLD_CHARACTER_SET_RESULTS=@@CHARACTER_SET_RESULTS */;
/*!40101 SET @OLD_COLLATION_CONNECTION=@@COLLATION_CONNECTION */;
/*!40101 SET NAMES utf8mb4 */;

--
-- Cơ sở dữ liệu: `db_fee_management`
--

-- --------------------------------------------------------

--
-- Cấu trúc bảng cho bảng `activity_approval_log`
--

CREATE TABLE `activity_approval_log` (
  `id` int(11) NOT NULL,
  `proposal_id` int(11) NOT NULL,
  `action` varchar(50) COLLATE utf8mb4_unicode_ci NOT NULL,
  `performed_by` int(11) NOT NULL,
  `performed_at` datetime DEFAULT current_timestamp(),
  `note` text COLLATE utf8mb4_unicode_ci DEFAULT NULL
) ENGINE=InnoDB DEFAULT CHARSET=utf8mb4 COLLATE=utf8mb4_unicode_ci;

--
-- Đang đổ dữ liệu cho bảng `activity_approval_log`
--

INSERT INTO `activity_approval_log` (`id`, `proposal_id`, `action`, `performed_by`, `performed_at`, `note`) VALUES
(1, 1, 'Tạo đề xuất', 150, '2025-11-21 01:24:30', 'Đề xuất hoạt động mới được tạo'),
(2, 1, 'Phê duyệt', 150, '2025-11-21 01:25:14', 'Đề xuất được phê duyệt với hạn mức 500.000đ');

-- --------------------------------------------------------

--
-- Cấu trúc bảng cho bảng `activity_budget`
--

CREATE TABLE `activity_budget` (
  `id` int(11) NOT NULL,
  `proposal_id` int(11) NOT NULL,
  `item_name` varchar(255) COLLATE utf8mb4_unicode_ci NOT NULL,
  `amount` decimal(12,2) NOT NULL DEFAULT 0.00,
  `note` text COLLATE utf8mb4_unicode_ci DEFAULT NULL,
  `created_at` datetime DEFAULT current_timestamp(),
  `updated_at` datetime DEFAULT current_timestamp() ON UPDATE current_timestamp()
) ENGINE=InnoDB DEFAULT CHARSET=utf8mb4 COLLATE=utf8mb4_unicode_ci;

-- --------------------------------------------------------

--
-- Cấu trúc bảng cho bảng `activity_fund_source`
--

CREATE TABLE `activity_fund_source` (
  `id` int(11) NOT NULL,
  `proposal_id` int(11) NOT NULL,
  `source_type` varchar(100) COLLATE utf8mb4_unicode_ci NOT NULL,
  `amount` decimal(12,2) NOT NULL DEFAULT 0.00,
  `description` text COLLATE utf8mb4_unicode_ci DEFAULT NULL,
  `created_at` datetime DEFAULT current_timestamp(),
  `updated_at` datetime DEFAULT current_timestamp() ON UPDATE current_timestamp()
) ENGINE=InnoDB DEFAULT CHARSET=utf8mb4 COLLATE=utf8mb4_unicode_ci;

-- --------------------------------------------------------

--
-- Cấu trúc bảng cho bảng `activity_proposal`
--

CREATE TABLE `activity_proposal` (
  `id` int(11) NOT NULL,
  `title` varchar(255) COLLATE utf8mb4_unicode_ci NOT NULL,
  `content` text COLLATE utf8mb4_unicode_ci DEFAULT NULL,
  `estimated_budget` decimal(12,2) NOT NULL DEFAULT 0.00,
  `expected_date` date NOT NULL,
  `proposer_id` int(11) NOT NULL,
  `unit_type` varchar(50) COLLATE utf8mb4_unicode_ci DEFAULT NULL,
  `unit_id` int(11) DEFAULT NULL,
  `status` varchar(50) COLLATE utf8mb4_unicode_ci DEFAULT 'Chờ phê duyệt',
  `approved_by` int(11) DEFAULT NULL,
  `approved_at` datetime DEFAULT NULL,
  `rejection_reason` text COLLATE utf8mb4_unicode_ci DEFAULT NULL,
  `approved_budget` decimal(12,2) DEFAULT NULL,
  `approval_comment` text COLLATE utf8mb4_unicode_ci DEFAULT NULL,
  `created_at` datetime DEFAULT current_timestamp(),
  `updated_at` datetime DEFAULT current_timestamp() ON UPDATE current_timestamp()
) ENGINE=InnoDB DEFAULT CHARSET=utf8mb4 COLLATE=utf8mb4_unicode_ci;

--
-- Đang đổ dữ liệu cho bảng `activity_proposal`
--

INSERT INTO `activity_proposal` (`id`, `title`, `content`, `estimated_budget`, `expected_date`, `proposer_id`, `unit_type`, `unit_id`, `status`, `approved_by`, `approved_at`, `rejection_reason`, `approved_budget`, `approval_comment`, `created_at`, `updated_at`) VALUES
(1, 'test', 'sgdrh', '500000.00', '2025-11-02', 150, '0', 0, 'Đã phê duyệt', 150, '2025-11-21 01:25:14', NULL, '500000.00', '', '2025-11-21 01:24:30', '2025-11-21 01:25:14');

-- --------------------------------------------------------

--
-- Cấu trúc bảng cho bảng `fee_cashbook`
--

CREATE TABLE `fee_cashbook` (
  `id` int(11) NOT NULL,
  `payment_id` int(11) NOT NULL,
  `transaction_type` enum('Thu','Chi') DEFAULT 'Thu',
  `transaction_date` datetime DEFAULT current_timestamp(),
  `amount` decimal(10,2) NOT NULL,
  `recorded_by` int(11) DEFAULT NULL,
  `description` text DEFAULT NULL,
  `created_at` datetime DEFAULT current_timestamp(),
  `updated_at` datetime DEFAULT current_timestamp() ON UPDATE current_timestamp()
) ENGINE=InnoDB DEFAULT CHARSET=utf8mb4;

-- --------------------------------------------------------

--
-- Cấu trúc bảng cho bảng `fee_generation_log`
--

CREATE TABLE `fee_generation_log` (
  `id` int(11) NOT NULL,
  `policy_id` int(11) NOT NULL,
  `run_by` int(11) NOT NULL,
  `cycle_label` varchar(50) DEFAULT NULL,
  `total_success` int(11) DEFAULT 0,
  `total_failed` int(11) DEFAULT 0,
  `run_time` datetime DEFAULT current_timestamp(),
  `note` text DEFAULT NULL
) ENGINE=InnoDB DEFAULT CHARSET=utf8mb4;

--
-- Đang đổ dữ liệu cho bảng `fee_generation_log`
--

INSERT INTO `fee_generation_log` (`id`, `policy_id`, `run_by`, `cycle_label`, `total_success`, `total_failed`, `run_time`, `note`) VALUES
(12, 28, 9, 'test', 120, 0, '0000-00-00 00:00:00', 'Sinh nghĩa vụ đoàn phí kỳ test hoàn tất: 120 thành công, 0 lỗi.'),
(13, 28, 9, 'test2', 120, 0, '0000-00-00 00:00:00', 'Sinh nghĩa vụ đoàn phí kỳ test2 hoàn tất: 120 thành công, 0 lỗi.');

-- --------------------------------------------------------

--
-- Cấu trúc bảng cho bảng `fee_obligation`
--

CREATE TABLE `fee_obligation` (
  `id` int(11) NOT NULL,
  `user_id` int(11) NOT NULL,
  `policy_id` int(11) NOT NULL,
  `period_label` varchar(50) NOT NULL,
  `amount` decimal(10,2) NOT NULL,
  `due_date` date NOT NULL,
  `status` enum('Chưa nộp','Đã nộp','Quá hạn') DEFAULT 'Chưa nộp',
  `reference_code` varchar(100) DEFAULT NULL,
  `created_at` datetime DEFAULT current_timestamp(),
  `updated_at` datetime DEFAULT current_timestamp() ON UPDATE current_timestamp()
) ENGINE=InnoDB DEFAULT CHARSET=utf8mb4;

--
-- Đang đổ dữ liệu cho bảng `fee_obligation`
--

INSERT INTO `fee_obligation` (`id`, `user_id`, `policy_id`, `period_label`, `amount`, `due_date`, `status`, `reference_code`, `created_at`, `updated_at`) VALUES
(1137, 158, 28, 'test', '29000.00', '2025-11-17', 'Chưa nộp', 'DV-100000018-test', '2025-11-05 16:13:10', '2025-11-05 16:13:10'),
(1138, 159, 28, 'test', '29000.00', '2025-11-17', 'Chưa nộp', 'DV-100000019-test', '2025-11-05 16:13:10', '2025-11-05 16:13:10'),
(1139, 160, 28, 'test', '29000.00', '2025-11-17', 'Chưa nộp', 'DV-100000020-test', '2025-11-05 16:13:10', '2025-11-05 16:13:10'),
(1140, 161, 28, 'test', '29000.00', '2025-11-17', 'Chưa nộp', 'DV-100000021-test', '2025-11-05 16:13:10', '2025-11-05 16:13:10'),
(1141, 162, 28, 'test', '29000.00', '2025-11-17', 'Chưa nộp', 'DV-100000022-test', '2025-11-05 16:13:10', '2025-11-05 16:13:10'),
(1142, 163, 28, 'test', '29000.00', '2025-11-17', 'Chưa nộp', 'DV-100000023-test', '2025-11-05 16:13:10', '2025-11-05 16:13:10'),
(1143, 164, 28, 'test', '29000.00', '2025-11-17', 'Chưa nộp', 'DV-100000024-test', '2025-11-05 16:13:10', '2025-11-05 16:13:10'),
(1144, 165, 28, 'test', '29000.00', '2025-11-17', 'Chưa nộp', 'DV-100000025-test', '2025-11-05 16:13:10', '2025-11-05 16:13:10'),
(1145, 166, 28, 'test', '29000.00', '2025-11-17', 'Chưa nộp', 'DV-100000026-test', '2025-11-05 16:13:10', '2025-11-05 16:13:10'),
(1146, 167, 28, 'test', '29000.00', '2025-11-17', 'Chưa nộp', 'DV-100000027-test', '2025-11-05 16:13:10', '2025-11-05 16:13:10'),
(1147, 168, 28, 'test', '29000.00', '2025-11-17', 'Chưa nộp', 'DV-100000028-test', '2025-11-05 16:13:10', '2025-11-05 16:13:10'),
(1148, 169, 28, 'test', '29000.00', '2025-11-17', 'Chưa nộp', 'DV-100000029-test', '2025-11-05 16:13:10', '2025-11-05 16:13:10'),
(1149, 170, 28, 'test', '29000.00', '2025-11-17', 'Chưa nộp', 'DV-100000030-test', '2025-11-05 16:13:10', '2025-11-05 16:13:10'),
(1150, 171, 28, 'test', '29000.00', '2025-11-17', 'Chưa nộp', 'DV-100000031-test', '2025-11-05 16:13:10', '2025-11-05 16:13:10'),
(1151, 172, 28, 'test', '29000.00', '2025-11-17', 'Chưa nộp', 'DV-100000032-test', '2025-11-05 16:13:10', '2025-11-05 16:13:10'),
(1152, 173, 28, 'test', '29000.00', '2025-11-17', 'Chưa nộp', 'DV-100000033-test', '2025-11-05 16:13:10', '2025-11-05 16:13:10'),
(1153, 174, 28, 'test', '29000.00', '2025-11-17', 'Chưa nộp', 'DV-100000034-test', '2025-11-05 16:13:10', '2025-11-05 16:13:10'),
(1154, 175, 28, 'test', '29000.00', '2025-11-17', 'Chưa nộp', 'DV-100000035-test', '2025-11-05 16:13:10', '2025-11-05 16:13:10'),
(1155, 176, 28, 'test', '29000.00', '2025-11-17', 'Chưa nộp', 'DV-100000036-test', '2025-11-05 16:13:10', '2025-11-05 16:13:10'),
(1156, 177, 28, 'test', '29000.00', '2025-11-17', 'Chưa nộp', 'DV-100000037-test', '2025-11-05 16:13:10', '2025-11-05 16:13:10'),
(1157, 178, 28, 'test', '29000.00', '2025-11-17', 'Chưa nộp', 'DV-100000038-test', '2025-11-05 16:13:10', '2025-11-20 17:13:12'),
(1158, 179, 28, 'test', '29000.00', '2025-11-17', 'Chưa nộp', 'DV-100000039-test', '2025-11-05 16:13:10', '2025-11-05 16:13:10'),
(1159, 180, 28, 'test', '29000.00', '2025-11-17', 'Chưa nộp', 'DV-100000040-test', '2025-11-05 16:13:10', '2025-11-05 16:13:10'),
(1160, 181, 28, 'test', '29000.00', '2025-11-17', 'Chưa nộp', 'DV-100000041-test', '2025-11-05 16:13:10', '2025-11-05 16:13:10'),
(1161, 182, 28, 'test', '29000.00', '2025-11-17', 'Chưa nộp', 'DV-100000042-test', '2025-11-05 16:13:10', '2025-11-05 16:13:10'),
(1162, 183, 28, 'test', '29000.00', '2025-11-17', 'Chưa nộp', 'DV-100000043-test', '2025-11-05 16:13:10', '2025-11-05 16:13:10'),
(1163, 184, 28, 'test', '29000.00', '2025-11-17', 'Chưa nộp', 'DV-100000044-test', '2025-11-05 16:13:10', '2025-11-05 16:13:10'),
(1164, 185, 28, 'test', '29000.00', '2025-11-17', 'Chưa nộp', 'DV-100000045-test', '2025-11-05 16:13:10', '2025-11-05 16:13:10'),
(1165, 186, 28, 'test', '29000.00', '2025-11-17', 'Chưa nộp', 'DV-100000046-test', '2025-11-05 16:13:10', '2025-11-05 16:13:10'),
(1166, 187, 28, 'test', '29000.00', '2025-11-17', 'Chưa nộp', 'DV-100000047-test', '2025-11-05 16:13:10', '2025-11-05 16:13:10'),
(1167, 188, 28, 'test', '29000.00', '2025-11-17', 'Chưa nộp', 'DV-100000048-test', '2025-11-05 16:13:10', '2025-11-05 16:13:10'),
(1168, 189, 28, 'test', '29000.00', '2025-11-17', 'Chưa nộp', 'DV-100000049-test', '2025-11-05 16:13:10', '2025-11-05 16:13:10'),
(1169, 190, 28, 'test', '29000.00', '2025-11-17', 'Chưa nộp', 'DV-100000050-test', '2025-11-05 16:13:10', '2025-11-05 16:13:10'),
(1170, 191, 28, 'test', '29000.00', '2025-11-17', 'Chưa nộp', 'DV-100000051-test', '2025-11-05 16:13:10', '2025-11-05 16:13:10'),
(1171, 192, 28, 'test', '29000.00', '2025-11-17', 'Chưa nộp', 'DV-100000052-test', '2025-11-05 16:13:10', '2025-11-05 16:13:10'),
(1172, 193, 28, 'test', '29000.00', '2025-11-17', 'Chưa nộp', 'DV-100000053-test', '2025-11-05 16:13:10', '2025-11-05 16:13:10'),
(1173, 194, 28, 'test', '29000.00', '2025-11-17', 'Chưa nộp', 'DV-100000054-test', '2025-11-05 16:13:10', '2025-11-05 16:13:10'),
(1174, 195, 28, 'test', '29000.00', '2025-11-17', 'Chưa nộp', 'DV-100000055-test', '2025-11-05 16:13:10', '2025-11-05 16:13:10'),
(1175, 196, 28, 'test', '29000.00', '2025-11-17', 'Chưa nộp', 'DV-100000056-test', '2025-11-05 16:13:10', '2025-11-05 16:13:10'),
(1176, 197, 28, 'test', '29000.00', '2025-11-17', 'Chưa nộp', 'DV-100000057-test', '2025-11-05 16:13:10', '2025-11-05 16:13:10'),
(1177, 198, 28, 'test', '29000.00', '2025-11-17', 'Chưa nộp', 'DV-100000058-test', '2025-11-05 16:13:10', '2025-11-05 16:13:10'),
(1178, 199, 28, 'test', '29000.00', '2025-11-17', 'Chưa nộp', 'DV-100000059-test', '2025-11-05 16:13:10', '2025-11-05 16:13:10'),
(1179, 200, 28, 'test', '29000.00', '2025-11-17', 'Chưa nộp', 'DV-100000060-test', '2025-11-05 16:13:10', '2025-11-05 16:13:10'),
(1180, 201, 28, 'test', '29000.00', '2025-11-17', 'Chưa nộp', 'DV-100000061-test', '2025-11-05 16:13:10', '2025-11-05 16:13:10'),
(1181, 146, 28, 'test', '28000.00', '2025-11-17', 'Chưa nộp', 'DV-100000006-test', '2025-11-05 16:13:10', '2025-11-05 16:13:10'),
(1182, 147, 28, 'test', '28000.00', '2025-11-17', 'Chưa nộp', 'DV-100000007-test', '2025-11-05 16:13:10', '2025-11-05 16:13:10'),
(1183, 148, 28, 'test', '28000.00', '2025-11-17', 'Chưa nộp', 'DV-100000008-test', '2025-11-05 16:13:10', '2025-11-05 16:13:10'),
(1184, 149, 28, 'test', '28000.00', '2025-11-17', 'Chưa nộp', 'DV-100000009-test', '2025-11-05 16:13:10', '2025-11-05 16:13:10'),
(1185, 150, 28, 'test', '28000.00', '2025-11-17', 'Chưa nộp', 'DV-100000010-test', '2025-11-05 16:13:10', '2025-11-05 16:13:10'),
(1186, 151, 28, 'test', '28000.00', '2025-11-17', 'Chưa nộp', 'DV-100000011-test', '2025-11-05 16:13:10', '2025-11-05 16:13:10'),
(1187, 152, 28, 'test', '28000.00', '2025-11-17', 'Chưa nộp', 'DV-100000012-test', '2025-11-05 16:13:10', '2025-11-05 16:13:10'),
(1188, 153, 28, 'test', '28000.00', '2025-11-17', 'Chưa nộp', 'DV-100000013-test', '2025-11-05 16:13:10', '2025-11-05 16:13:10'),
(1189, 154, 28, 'test', '28000.00', '2025-11-17', 'Chưa nộp', 'DV-100000014-test', '2025-11-05 16:13:10', '2025-11-05 16:13:10'),
(1190, 155, 28, 'test', '28000.00', '2025-11-17', 'Chưa nộp', 'DV-100000015-test', '2025-11-05 16:13:10', '2025-11-05 16:13:10'),
(1191, 156, 28, 'test', '28000.00', '2025-11-17', 'Chưa nộp', 'DV-100000016-test', '2025-11-05 16:13:10', '2025-11-05 16:13:10'),
(1192, 157, 28, 'test', '28000.00', '2025-11-17', 'Chưa nộp', 'DV-100000017-test', '2025-11-05 16:13:10', '2025-11-05 16:13:10'),
(1193, 142, 28, 'test', '25000.00', '2025-11-17', 'Chưa nộp', 'DV-100000002-test', '2025-11-05 16:13:10', '2025-11-05 16:13:10'),
(1194, 143, 28, 'test', '25000.00', '2025-11-17', 'Chưa nộp', 'DV-100000003-test', '2025-11-05 16:13:10', '2025-11-05 16:13:10'),
(1195, 144, 28, 'test', '25000.00', '2025-11-17', 'Chưa nộp', 'DV-100000004-test', '2025-11-05 16:13:10', '2025-11-05 16:13:10'),
(1196, 145, 28, 'test', '25000.00', '2025-11-17', 'Chưa nộp', 'DV-100000005-test', '2025-11-05 16:13:10', '2025-11-05 16:13:10'),
(1197, 202, 28, 'test', '30000.00', '2025-11-17', 'Chưa nộp', 'DV-100000062-test', '2025-11-05 16:13:10', '2025-11-05 16:13:10'),
(1198, 203, 28, 'test', '30000.00', '2025-11-17', 'Chưa nộp', 'DV-100000063-test', '2025-11-05 16:13:10', '2025-11-05 16:13:10'),
(1199, 204, 28, 'test', '30000.00', '2025-11-17', 'Chưa nộp', 'DV-100000064-test', '2025-11-05 16:13:10', '2025-11-05 16:13:10'),
(1200, 205, 28, 'test', '30000.00', '2025-11-17', 'Chưa nộp', 'DV-100000065-test', '2025-11-05 16:13:10', '2025-11-05 16:13:10'),
(1201, 206, 28, 'test', '30000.00', '2025-11-17', 'Chưa nộp', 'DV-100000066-test', '2025-11-05 16:13:10', '2025-11-05 16:13:10'),
(1202, 207, 28, 'test', '30000.00', '2025-11-17', 'Chưa nộp', 'DV-100000067-test', '2025-11-05 16:13:10', '2025-11-05 16:13:10'),
(1203, 208, 28, 'test', '30000.00', '2025-11-17', 'Chưa nộp', 'DV-100000068-test', '2025-11-05 16:13:10', '2025-11-05 16:13:10'),
(1204, 209, 28, 'test', '30000.00', '2025-11-17', 'Chưa nộp', 'DV-100000069-test', '2025-11-05 16:13:10', '2025-11-05 16:13:10'),
(1205, 210, 28, 'test', '30000.00', '2025-11-17', 'Chưa nộp', 'DV-100000070-test', '2025-11-05 16:13:10', '2025-11-05 16:13:10'),
(1206, 211, 28, 'test', '30000.00', '2025-11-17', 'Chưa nộp', 'DV-100000071-test', '2025-11-05 16:13:10', '2025-11-05 16:13:10'),
(1207, 212, 28, 'test', '30000.00', '2025-11-17', 'Chưa nộp', 'DV-100000072-test', '2025-11-05 16:13:10', '2025-11-05 16:13:10'),
(1208, 213, 28, 'test', '30000.00', '2025-11-17', 'Chưa nộp', 'DV-100000073-test', '2025-11-05 16:13:10', '2025-11-05 16:13:10'),
(1209, 214, 28, 'test', '30000.00', '2025-11-17', 'Chưa nộp', 'DV-100000074-test', '2025-11-05 16:13:10', '2025-11-05 16:13:10'),
(1210, 215, 28, 'test', '30000.00', '2025-11-17', 'Chưa nộp', 'DV-100000075-test', '2025-11-05 16:13:10', '2025-11-05 16:13:10'),
(1211, 216, 28, 'test', '30000.00', '2025-11-17', 'Chưa nộp', 'DV-100000076-test', '2025-11-05 16:13:10', '2025-11-05 16:13:10'),
(1212, 217, 28, 'test', '30000.00', '2025-11-17', 'Chưa nộp', 'DV-100000077-test', '2025-11-05 16:13:10', '2025-11-05 16:13:10'),
(1213, 218, 28, 'test', '30000.00', '2025-11-17', 'Chưa nộp', 'DV-100000078-test', '2025-11-05 16:13:10', '2025-11-05 16:13:10'),
(1214, 219, 28, 'test', '30000.00', '2025-11-17', 'Chưa nộp', 'DV-100000079-test', '2025-11-05 16:13:10', '2025-11-05 16:13:10'),
(1215, 220, 28, 'test', '30000.00', '2025-11-17', 'Chưa nộp', 'DV-100000080-test', '2025-11-05 16:13:10', '2025-11-05 16:13:10'),
(1216, 221, 28, 'test', '30000.00', '2025-11-17', 'Chưa nộp', 'DV-100000081-test', '2025-11-05 16:13:10', '2025-11-05 16:13:10'),
(1217, 222, 28, 'test', '30000.00', '2025-11-17', 'Chưa nộp', 'DV-100000082-test', '2025-11-05 16:13:10', '2025-11-05 16:13:10'),
(1218, 223, 28, 'test', '30000.00', '2025-11-17', 'Chưa nộp', 'DV-100000083-test', '2025-11-05 16:13:10', '2025-11-05 16:13:10'),
(1219, 224, 28, 'test', '30000.00', '2025-11-17', 'Chưa nộp', 'DV-100000084-test', '2025-11-05 16:13:10', '2025-11-05 16:13:10'),
(1220, 225, 28, 'test', '30000.00', '2025-11-17', 'Chưa nộp', 'DV-100000085-test', '2025-11-05 16:13:10', '2025-11-05 16:13:10'),
(1221, 226, 28, 'test', '30000.00', '2025-11-17', 'Chưa nộp', 'DV-100000086-test', '2025-11-05 16:13:10', '2025-11-05 16:13:10'),
(1222, 227, 28, 'test', '30000.00', '2025-11-17', 'Chưa nộp', 'DV-100000087-test', '2025-11-05 16:13:10', '2025-11-05 16:13:10'),
(1223, 228, 28, 'test', '30000.00', '2025-11-17', 'Chưa nộp', 'DV-100000088-test', '2025-11-05 16:13:10', '2025-11-05 16:13:10'),
(1224, 229, 28, 'test', '30000.00', '2025-11-17', 'Chưa nộp', 'DV-100000089-test', '2025-11-05 16:13:10', '2025-11-05 16:13:10'),
(1225, 230, 28, 'test', '30000.00', '2025-11-17', 'Chưa nộp', 'DV-100000090-test', '2025-11-05 16:13:10', '2025-11-05 16:13:10'),
(1226, 231, 28, 'test', '30000.00', '2025-11-17', 'Chưa nộp', 'DV-100000091-test', '2025-11-05 16:13:10', '2025-11-05 16:13:10'),
(1227, 232, 28, 'test', '30000.00', '2025-11-17', 'Chưa nộp', 'DV-100000092-test', '2025-11-05 16:13:10', '2025-11-05 16:13:10'),
(1228, 233, 28, 'test', '30000.00', '2025-11-17', 'Chưa nộp', 'DV-100000093-test', '2025-11-05 16:13:10', '2025-11-05 16:13:10'),
(1229, 234, 28, 'test', '30000.00', '2025-11-17', 'Chưa nộp', 'DV-100000094-test', '2025-11-05 16:13:10', '2025-11-05 16:13:10'),
(1230, 235, 28, 'test', '30000.00', '2025-11-17', 'Chưa nộp', 'DV-100000095-test', '2025-11-05 16:13:10', '2025-11-05 16:13:10'),
(1231, 236, 28, 'test', '30000.00', '2025-11-17', 'Chưa nộp', 'DV-100000096-test', '2025-11-05 16:13:10', '2025-11-05 16:13:10'),
(1232, 237, 28, 'test', '30000.00', '2025-11-17', 'Chưa nộp', 'DV-100000097-test', '2025-11-05 16:13:10', '2025-11-05 16:13:10'),
(1233, 238, 28, 'test', '30000.00', '2025-11-17', 'Chưa nộp', 'DV-100000098-test', '2025-11-05 16:13:10', '2025-11-05 16:13:10'),
(1234, 239, 28, 'test', '30000.00', '2025-11-17', 'Chưa nộp', 'DV-100000099-test', '2025-11-05 16:13:10', '2025-11-05 16:13:10'),
(1235, 240, 28, 'test', '30000.00', '2025-11-17', 'Chưa nộp', 'DV-100000100-test', '2025-11-05 16:13:10', '2025-11-05 16:13:10'),
(1236, 241, 28, 'test', '30000.00', '2025-11-17', 'Chưa nộp', 'DV-100000101-test', '2025-11-05 16:13:10', '2025-11-05 16:13:10'),
(1237, 242, 28, 'test', '30000.00', '2025-11-17', 'Chưa nộp', 'DV-100000102-test', '2025-11-05 16:13:10', '2025-11-05 16:13:10'),
(1238, 243, 28, 'test', '30000.00', '2025-11-17', 'Chưa nộp', 'DV-100000103-test', '2025-11-05 16:13:10', '2025-11-05 16:13:10'),
(1239, 244, 28, 'test', '30000.00', '2025-11-17', 'Chưa nộp', 'DV-100000104-test', '2025-11-05 16:13:10', '2025-11-05 16:13:10'),
(1240, 245, 28, 'test', '30000.00', '2025-11-17', 'Chưa nộp', 'DV-100000105-test', '2025-11-05 16:13:10', '2025-11-05 16:13:10'),
(1241, 246, 28, 'test', '30000.00', '2025-11-17', 'Chưa nộp', 'DV-100000106-test', '2025-11-05 16:13:10', '2025-11-05 16:13:10'),
(1242, 247, 28, 'test', '30000.00', '2025-11-17', 'Chưa nộp', 'DV-100000107-test', '2025-11-05 16:13:10', '2025-11-05 16:13:10'),
(1243, 248, 28, 'test', '30000.00', '2025-11-17', 'Chưa nộp', 'DV-100000108-test', '2025-11-05 16:13:10', '2025-11-05 16:13:10'),
(1244, 249, 28, 'test', '30000.00', '2025-11-17', 'Chưa nộp', 'DV-100000109-test', '2025-11-05 16:13:10', '2025-11-05 16:13:10'),
(1245, 250, 28, 'test', '30000.00', '2025-11-17', 'Chưa nộp', 'DV-100000110-test', '2025-11-05 16:13:10', '2025-11-05 16:13:10'),
(1246, 251, 28, 'test', '30000.00', '2025-11-17', 'Chưa nộp', 'DV-100000111-test', '2025-11-05 16:13:10', '2025-11-05 16:13:10'),
(1247, 252, 28, 'test', '30000.00', '2025-11-17', 'Chưa nộp', 'DV-100000112-test', '2025-11-05 16:13:10', '2025-11-05 16:13:10'),
(1248, 253, 28, 'test', '30000.00', '2025-11-17', 'Chưa nộp', 'DV-100000113-test', '2025-11-05 16:13:10', '2025-11-05 16:13:10'),
(1249, 254, 28, 'test', '30000.00', '2025-11-17', 'Chưa nộp', 'DV-100000114-test', '2025-11-05 16:13:10', '2025-11-05 16:13:10'),
(1250, 255, 28, 'test', '30000.00', '2025-11-17', 'Chưa nộp', 'DV-100000115-test', '2025-11-05 16:13:10', '2025-11-05 16:13:10'),
(1251, 256, 28, 'test', '30000.00', '2025-11-17', 'Chưa nộp', 'DV-100000116-test', '2025-11-05 16:13:10', '2025-11-05 16:13:10'),
(1252, 257, 28, 'test', '30000.00', '2025-11-17', 'Chưa nộp', 'DV-100000117-test', '2025-11-05 16:13:10', '2025-11-05 16:13:10'),
(1253, 258, 28, 'test', '30000.00', '2025-11-17', 'Chưa nộp', 'DV-100000118-test', '2025-11-05 16:13:10', '2025-11-05 16:13:10'),
(1254, 259, 28, 'test', '30000.00', '2025-11-17', 'Chưa nộp', 'DV-100000119-test', '2025-11-05 16:13:10', '2025-11-05 16:13:10'),
(1255, 260, 28, 'test', '30000.00', '2025-11-17', 'Chưa nộp', 'DV-100000120-test', '2025-11-05 16:13:10', '2025-11-05 16:13:10'),
(1256, 261, 28, 'test', '30000.00', '2025-11-17', 'Chưa nộp', 'DV-100000121-test', '2025-11-05 16:13:10', '2025-11-05 16:13:10'),
(1257, 158, 28, 'test2', '29000.00', '2025-12-17', 'Chưa nộp', 'DV-100000018-test2', '2025-11-21 00:59:55', '2025-11-21 00:59:55'),
(1258, 159, 28, 'test2', '29000.00', '2025-12-17', 'Chưa nộp', 'DV-100000019-test2', '2025-11-21 00:59:55', '2025-11-21 00:59:55'),
(1259, 160, 28, 'test2', '29000.00', '2025-12-17', 'Chưa nộp', 'DV-100000020-test2', '2025-11-21 00:59:55', '2025-11-21 00:59:55'),
(1260, 161, 28, 'test2', '29000.00', '2025-12-17', 'Chưa nộp', 'DV-100000021-test2', '2025-11-21 00:59:55', '2025-11-21 00:59:55'),
(1261, 162, 28, 'test2', '29000.00', '2025-12-17', 'Chưa nộp', 'DV-100000022-test2', '2025-11-21 00:59:55', '2025-11-21 00:59:55'),
(1262, 163, 28, 'test2', '29000.00', '2025-12-17', 'Chưa nộp', 'DV-100000023-test2', '2025-11-21 00:59:55', '2025-11-21 00:59:55'),
(1263, 164, 28, 'test2', '29000.00', '2025-12-17', 'Chưa nộp', 'DV-100000024-test2', '2025-11-21 00:59:55', '2025-11-21 00:59:55'),
(1264, 165, 28, 'test2', '29000.00', '2025-12-17', 'Chưa nộp', 'DV-100000025-test2', '2025-11-21 00:59:55', '2025-11-21 00:59:55'),
(1265, 166, 28, 'test2', '29000.00', '2025-12-17', 'Chưa nộp', 'DV-100000026-test2', '2025-11-21 00:59:55', '2025-11-21 00:59:55'),
(1266, 167, 28, 'test2', '29000.00', '2025-12-17', 'Chưa nộp', 'DV-100000027-test2', '2025-11-21 00:59:55', '2025-11-21 00:59:55'),
(1267, 168, 28, 'test2', '29000.00', '2025-12-17', 'Chưa nộp', 'DV-100000028-test2', '2025-11-21 00:59:55', '2025-11-21 00:59:55'),
(1268, 169, 28, 'test2', '29000.00', '2025-12-17', 'Chưa nộp', 'DV-100000029-test2', '2025-11-21 00:59:55', '2025-11-21 00:59:55'),
(1269, 170, 28, 'test2', '29000.00', '2025-12-17', 'Chưa nộp', 'DV-100000030-test2', '2025-11-21 00:59:55', '2025-11-21 00:59:55'),
(1270, 171, 28, 'test2', '29000.00', '2025-12-17', 'Chưa nộp', 'DV-100000031-test2', '2025-11-21 00:59:55', '2025-11-21 00:59:55'),
(1271, 172, 28, 'test2', '29000.00', '2025-12-17', 'Chưa nộp', 'DV-100000032-test2', '2025-11-21 00:59:55', '2025-11-21 00:59:55'),
(1272, 173, 28, 'test2', '29000.00', '2025-12-17', 'Chưa nộp', 'DV-100000033-test2', '2025-11-21 00:59:55', '2025-11-21 00:59:55'),
(1273, 174, 28, 'test2', '29000.00', '2025-12-17', 'Chưa nộp', 'DV-100000034-test2', '2025-11-21 00:59:55', '2025-11-21 00:59:55'),
(1274, 175, 28, 'test2', '29000.00', '2025-12-17', 'Chưa nộp', 'DV-100000035-test2', '2025-11-21 00:59:55', '2025-11-21 00:59:55'),
(1275, 176, 28, 'test2', '29000.00', '2025-12-17', 'Chưa nộp', 'DV-100000036-test2', '2025-11-21 00:59:55', '2025-11-21 00:59:55'),
(1276, 177, 28, 'test2', '29000.00', '2025-12-17', 'Chưa nộp', 'DV-100000037-test2', '2025-11-21 00:59:55', '2025-11-21 00:59:55'),
(1277, 178, 28, 'test2', '29000.00', '2025-12-17', 'Chưa nộp', 'DV-100000038-test2', '2025-11-21 00:59:55', '2025-11-21 00:59:55'),
(1278, 179, 28, 'test2', '29000.00', '2025-12-17', 'Chưa nộp', 'DV-100000039-test2', '2025-11-21 00:59:55', '2025-11-21 00:59:55'),
(1279, 180, 28, 'test2', '29000.00', '2025-12-17', 'Chưa nộp', 'DV-100000040-test2', '2025-11-21 00:59:55', '2025-11-21 00:59:55'),
(1280, 181, 28, 'test2', '29000.00', '2025-12-17', 'Chưa nộp', 'DV-100000041-test2', '2025-11-21 00:59:55', '2025-11-21 00:59:55'),
(1281, 182, 28, 'test2', '29000.00', '2025-12-17', 'Chưa nộp', 'DV-100000042-test2', '2025-11-21 00:59:55', '2025-11-21 00:59:55'),
(1282, 183, 28, 'test2', '29000.00', '2025-12-17', 'Chưa nộp', 'DV-100000043-test2', '2025-11-21 00:59:55', '2025-11-21 00:59:55'),
(1283, 184, 28, 'test2', '29000.00', '2025-12-17', 'Chưa nộp', 'DV-100000044-test2', '2025-11-21 00:59:55', '2025-11-21 00:59:55'),
(1284, 185, 28, 'test2', '29000.00', '2025-12-17', 'Chưa nộp', 'DV-100000045-test2', '2025-11-21 00:59:55', '2025-11-21 00:59:55'),
(1285, 186, 28, 'test2', '29000.00', '2025-12-17', 'Chưa nộp', 'DV-100000046-test2', '2025-11-21 00:59:55', '2025-11-21 00:59:55'),
(1286, 187, 28, 'test2', '29000.00', '2025-12-17', 'Chưa nộp', 'DV-100000047-test2', '2025-11-21 00:59:55', '2025-11-21 00:59:55'),
(1287, 188, 28, 'test2', '29000.00', '2025-12-17', 'Chưa nộp', 'DV-100000048-test2', '2025-11-21 00:59:55', '2025-11-21 00:59:55'),
(1288, 189, 28, 'test2', '29000.00', '2025-12-17', 'Chưa nộp', 'DV-100000049-test2', '2025-11-21 00:59:55', '2025-11-21 00:59:55'),
(1289, 190, 28, 'test2', '29000.00', '2025-12-17', 'Chưa nộp', 'DV-100000050-test2', '2025-11-21 00:59:55', '2025-11-21 00:59:55'),
(1290, 191, 28, 'test2', '29000.00', '2025-12-17', 'Chưa nộp', 'DV-100000051-test2', '2025-11-21 00:59:55', '2025-11-21 00:59:55'),
(1291, 192, 28, 'test2', '29000.00', '2025-12-17', 'Chưa nộp', 'DV-100000052-test2', '2025-11-21 00:59:55', '2025-11-21 00:59:55'),
(1292, 193, 28, 'test2', '29000.00', '2025-12-17', 'Chưa nộp', 'DV-100000053-test2', '2025-11-21 00:59:55', '2025-11-21 00:59:55'),
(1293, 194, 28, 'test2', '29000.00', '2025-12-17', 'Chưa nộp', 'DV-100000054-test2', '2025-11-21 00:59:55', '2025-11-21 00:59:55'),
(1294, 195, 28, 'test2', '29000.00', '2025-12-17', 'Chưa nộp', 'DV-100000055-test2', '2025-11-21 00:59:55', '2025-11-21 00:59:55'),
(1295, 196, 28, 'test2', '29000.00', '2025-12-17', 'Chưa nộp', 'DV-100000056-test2', '2025-11-21 00:59:55', '2025-11-21 00:59:55'),
(1296, 197, 28, 'test2', '29000.00', '2025-12-17', 'Chưa nộp', 'DV-100000057-test2', '2025-11-21 00:59:55', '2025-11-21 00:59:55'),
(1297, 198, 28, 'test2', '29000.00', '2025-12-17', 'Chưa nộp', 'DV-100000058-test2', '2025-11-21 00:59:55', '2025-11-21 00:59:55'),
(1298, 199, 28, 'test2', '29000.00', '2025-12-17', 'Chưa nộp', 'DV-100000059-test2', '2025-11-21 00:59:55', '2025-11-21 00:59:55'),
(1299, 200, 28, 'test2', '29000.00', '2025-12-17', 'Chưa nộp', 'DV-100000060-test2', '2025-11-21 00:59:55', '2025-11-21 00:59:55'),
(1300, 201, 28, 'test2', '29000.00', '2025-12-17', 'Chưa nộp', 'DV-100000061-test2', '2025-11-21 00:59:55', '2025-11-21 00:59:55'),
(1301, 146, 28, 'test2', '28000.00', '2025-12-17', 'Chưa nộp', 'DV-100000006-test2', '2025-11-21 00:59:55', '2025-11-21 00:59:55'),
(1302, 147, 28, 'test2', '28000.00', '2025-12-17', 'Chưa nộp', 'DV-100000007-test2', '2025-11-21 00:59:55', '2025-11-21 00:59:55'),
(1303, 148, 28, 'test2', '28000.00', '2025-12-17', 'Chưa nộp', 'DV-100000008-test2', '2025-11-21 00:59:55', '2025-11-21 00:59:55'),
(1304, 149, 28, 'test2', '28000.00', '2025-12-17', 'Chưa nộp', 'DV-100000009-test2', '2025-11-21 00:59:55', '2025-11-21 00:59:55'),
(1305, 150, 28, 'test2', '28000.00', '2025-12-17', 'Chưa nộp', 'DV-100000010-test2', '2025-11-21 00:59:55', '2025-11-21 00:59:55'),
(1306, 151, 28, 'test2', '28000.00', '2025-12-17', 'Chưa nộp', 'DV-100000011-test2', '2025-11-21 00:59:55', '2025-11-21 00:59:55'),
(1307, 152, 28, 'test2', '28000.00', '2025-12-17', 'Chưa nộp', 'DV-100000012-test2', '2025-11-21 00:59:55', '2025-11-21 00:59:55'),
(1308, 153, 28, 'test2', '28000.00', '2025-12-17', 'Chưa nộp', 'DV-100000013-test2', '2025-11-21 00:59:55', '2025-11-21 00:59:55'),
(1309, 154, 28, 'test2', '28000.00', '2025-12-17', 'Chưa nộp', 'DV-100000014-test2', '2025-11-21 00:59:55', '2025-11-21 00:59:55'),
(1310, 155, 28, 'test2', '28000.00', '2025-12-17', 'Chưa nộp', 'DV-100000015-test2', '2025-11-21 00:59:55', '2025-11-21 00:59:55'),
(1311, 156, 28, 'test2', '28000.00', '2025-12-17', 'Chưa nộp', 'DV-100000016-test2', '2025-11-21 00:59:55', '2025-11-21 00:59:55'),
(1312, 157, 28, 'test2', '28000.00', '2025-12-17', 'Chưa nộp', 'DV-100000017-test2', '2025-11-21 00:59:55', '2025-11-21 00:59:55'),
(1313, 142, 28, 'test2', '25000.00', '2025-12-17', 'Chưa nộp', 'DV-100000002-test2', '2025-11-21 00:59:55', '2025-11-21 00:59:55'),
(1314, 143, 28, 'test2', '25000.00', '2025-12-17', 'Chưa nộp', 'DV-100000003-test2', '2025-11-21 00:59:55', '2025-11-21 00:59:55'),
(1315, 144, 28, 'test2', '25000.00', '2025-12-17', 'Chưa nộp', 'DV-100000004-test2', '2025-11-21 00:59:55', '2025-11-21 00:59:55'),
(1316, 145, 28, 'test2', '25000.00', '2025-12-17', 'Chưa nộp', 'DV-100000005-test2', '2025-11-21 00:59:55', '2025-11-21 00:59:55'),
(1317, 202, 28, 'test2', '30000.00', '2025-12-17', 'Chưa nộp', 'DV-100000062-test2', '2025-11-21 00:59:55', '2025-11-21 00:59:55'),
(1318, 203, 28, 'test2', '30000.00', '2025-12-17', 'Chưa nộp', 'DV-100000063-test2', '2025-11-21 00:59:55', '2025-11-21 00:59:55'),
(1319, 204, 28, 'test2', '30000.00', '2025-12-17', 'Chưa nộp', 'DV-100000064-test2', '2025-11-21 00:59:55', '2025-11-21 00:59:55'),
(1320, 205, 28, 'test2', '30000.00', '2025-12-17', 'Chưa nộp', 'DV-100000065-test2', '2025-11-21 00:59:55', '2025-11-21 00:59:55'),
(1321, 206, 28, 'test2', '30000.00', '2025-12-17', 'Chưa nộp', 'DV-100000066-test2', '2025-11-21 00:59:55', '2025-11-21 00:59:55'),
(1322, 207, 28, 'test2', '30000.00', '2025-12-17', 'Chưa nộp', 'DV-100000067-test2', '2025-11-21 00:59:55', '2025-11-21 00:59:55'),
(1323, 208, 28, 'test2', '30000.00', '2025-12-17', 'Chưa nộp', 'DV-100000068-test2', '2025-11-21 00:59:55', '2025-11-21 00:59:55'),
(1324, 209, 28, 'test2', '30000.00', '2025-12-17', 'Chưa nộp', 'DV-100000069-test2', '2025-11-21 00:59:55', '2025-11-21 00:59:55'),
(1325, 210, 28, 'test2', '30000.00', '2025-12-17', 'Chưa nộp', 'DV-100000070-test2', '2025-11-21 00:59:55', '2025-11-21 00:59:55'),
(1326, 211, 28, 'test2', '30000.00', '2025-12-17', 'Chưa nộp', 'DV-100000071-test2', '2025-11-21 00:59:55', '2025-11-21 00:59:55'),
(1327, 212, 28, 'test2', '30000.00', '2025-12-17', 'Chưa nộp', 'DV-100000072-test2', '2025-11-21 00:59:55', '2025-11-21 00:59:55'),
(1328, 213, 28, 'test2', '30000.00', '2025-12-17', 'Chưa nộp', 'DV-100000073-test2', '2025-11-21 00:59:55', '2025-11-21 00:59:55'),
(1329, 214, 28, 'test2', '30000.00', '2025-12-17', 'Chưa nộp', 'DV-100000074-test2', '2025-11-21 00:59:55', '2025-11-21 00:59:55'),
(1330, 215, 28, 'test2', '30000.00', '2025-12-17', 'Chưa nộp', 'DV-100000075-test2', '2025-11-21 00:59:55', '2025-11-21 00:59:55'),
(1331, 216, 28, 'test2', '30000.00', '2025-12-17', 'Chưa nộp', 'DV-100000076-test2', '2025-11-21 00:59:55', '2025-11-21 00:59:55'),
(1332, 217, 28, 'test2', '30000.00', '2025-12-17', 'Chưa nộp', 'DV-100000077-test2', '2025-11-21 00:59:55', '2025-11-21 00:59:55'),
(1333, 218, 28, 'test2', '30000.00', '2025-12-17', 'Chưa nộp', 'DV-100000078-test2', '2025-11-21 00:59:55', '2025-11-21 00:59:55'),
(1334, 219, 28, 'test2', '30000.00', '2025-12-17', 'Chưa nộp', 'DV-100000079-test2', '2025-11-21 00:59:55', '2025-11-21 00:59:55'),
(1335, 220, 28, 'test2', '30000.00', '2025-12-17', 'Chưa nộp', 'DV-100000080-test2', '2025-11-21 00:59:55', '2025-11-21 00:59:55'),
(1336, 221, 28, 'test2', '30000.00', '2025-12-17', 'Chưa nộp', 'DV-100000081-test2', '2025-11-21 00:59:55', '2025-11-21 00:59:55'),
(1337, 222, 28, 'test2', '30000.00', '2025-12-17', 'Chưa nộp', 'DV-100000082-test2', '2025-11-21 00:59:55', '2025-11-21 00:59:55'),
(1338, 223, 28, 'test2', '30000.00', '2025-12-17', 'Chưa nộp', 'DV-100000083-test2', '2025-11-21 00:59:55', '2025-11-21 00:59:55'),
(1339, 224, 28, 'test2', '30000.00', '2025-12-17', 'Chưa nộp', 'DV-100000084-test2', '2025-11-21 00:59:55', '2025-11-21 00:59:55'),
(1340, 225, 28, 'test2', '30000.00', '2025-12-17', 'Chưa nộp', 'DV-100000085-test2', '2025-11-21 00:59:55', '2025-11-21 00:59:55'),
(1341, 226, 28, 'test2', '30000.00', '2025-12-17', 'Chưa nộp', 'DV-100000086-test2', '2025-11-21 00:59:55', '2025-11-21 00:59:55'),
(1342, 227, 28, 'test2', '30000.00', '2025-12-17', 'Chưa nộp', 'DV-100000087-test2', '2025-11-21 00:59:55', '2025-11-21 00:59:55'),
(1343, 228, 28, 'test2', '30000.00', '2025-12-17', 'Chưa nộp', 'DV-100000088-test2', '2025-11-21 00:59:55', '2025-11-21 00:59:55'),
(1344, 229, 28, 'test2', '30000.00', '2025-12-17', 'Chưa nộp', 'DV-100000089-test2', '2025-11-21 00:59:55', '2025-11-21 00:59:55'),
(1345, 230, 28, 'test2', '30000.00', '2025-12-17', 'Chưa nộp', 'DV-100000090-test2', '2025-11-21 00:59:55', '2025-11-21 00:59:55'),
(1346, 231, 28, 'test2', '30000.00', '2025-12-17', 'Chưa nộp', 'DV-100000091-test2', '2025-11-21 00:59:55', '2025-11-21 00:59:55'),
(1347, 232, 28, 'test2', '30000.00', '2025-12-17', 'Chưa nộp', 'DV-100000092-test2', '2025-11-21 00:59:55', '2025-11-21 00:59:55'),
(1348, 233, 28, 'test2', '30000.00', '2025-12-17', 'Chưa nộp', 'DV-100000093-test2', '2025-11-21 00:59:55', '2025-11-21 00:59:55'),
(1349, 234, 28, 'test2', '30000.00', '2025-12-17', 'Chưa nộp', 'DV-100000094-test2', '2025-11-21 00:59:55', '2025-11-21 00:59:55'),
(1350, 235, 28, 'test2', '30000.00', '2025-12-17', 'Chưa nộp', 'DV-100000095-test2', '2025-11-21 00:59:55', '2025-11-21 00:59:55'),
(1351, 236, 28, 'test2', '30000.00', '2025-12-17', 'Chưa nộp', 'DV-100000096-test2', '2025-11-21 00:59:55', '2025-11-21 00:59:55'),
(1352, 237, 28, 'test2', '30000.00', '2025-12-17', 'Chưa nộp', 'DV-100000097-test2', '2025-11-21 00:59:55', '2025-11-21 00:59:55'),
(1353, 238, 28, 'test2', '30000.00', '2025-12-17', 'Chưa nộp', 'DV-100000098-test2', '2025-11-21 00:59:55', '2025-11-21 00:59:55'),
(1354, 239, 28, 'test2', '30000.00', '2025-12-17', 'Chưa nộp', 'DV-100000099-test2', '2025-11-21 00:59:55', '2025-11-21 00:59:55'),
(1355, 240, 28, 'test2', '30000.00', '2025-12-17', 'Chưa nộp', 'DV-100000100-test2', '2025-11-21 00:59:55', '2025-11-21 00:59:55'),
(1356, 241, 28, 'test2', '30000.00', '2025-12-17', 'Chưa nộp', 'DV-100000101-test2', '2025-11-21 00:59:55', '2025-11-21 00:59:55'),
(1357, 242, 28, 'test2', '30000.00', '2025-12-17', 'Chưa nộp', 'DV-100000102-test2', '2025-11-21 00:59:55', '2025-11-21 00:59:55'),
(1358, 243, 28, 'test2', '30000.00', '2025-12-17', 'Chưa nộp', 'DV-100000103-test2', '2025-11-21 00:59:55', '2025-11-21 00:59:55'),
(1359, 244, 28, 'test2', '30000.00', '2025-12-17', 'Chưa nộp', 'DV-100000104-test2', '2025-11-21 00:59:55', '2025-11-21 00:59:55'),
(1360, 245, 28, 'test2', '30000.00', '2025-12-17', 'Chưa nộp', 'DV-100000105-test2', '2025-11-21 00:59:55', '2025-11-21 00:59:55'),
(1361, 246, 28, 'test2', '30000.00', '2025-12-17', 'Chưa nộp', 'DV-100000106-test2', '2025-11-21 00:59:55', '2025-11-21 00:59:55'),
(1362, 247, 28, 'test2', '30000.00', '2025-12-17', 'Chưa nộp', 'DV-100000107-test2', '2025-11-21 00:59:55', '2025-11-21 00:59:55'),
(1363, 248, 28, 'test2', '30000.00', '2025-12-17', 'Chưa nộp', 'DV-100000108-test2', '2025-11-21 00:59:55', '2025-11-21 00:59:55'),
(1364, 249, 28, 'test2', '30000.00', '2025-12-17', 'Chưa nộp', 'DV-100000109-test2', '2025-11-21 00:59:55', '2025-11-21 00:59:55'),
(1365, 250, 28, 'test2', '30000.00', '2025-12-17', 'Chưa nộp', 'DV-100000110-test2', '2025-11-21 00:59:55', '2025-11-21 00:59:55'),
(1366, 251, 28, 'test2', '30000.00', '2025-12-17', 'Chưa nộp', 'DV-100000111-test2', '2025-11-21 00:59:55', '2025-11-21 00:59:55'),
(1367, 252, 28, 'test2', '30000.00', '2025-12-17', 'Chưa nộp', 'DV-100000112-test2', '2025-11-21 00:59:55', '2025-11-21 00:59:55'),
(1368, 253, 28, 'test2', '30000.00', '2025-12-17', 'Chưa nộp', 'DV-100000113-test2', '2025-11-21 00:59:56', '2025-11-21 00:59:56'),
(1369, 254, 28, 'test2', '30000.00', '2025-12-17', 'Chưa nộp', 'DV-100000114-test2', '2025-11-21 00:59:56', '2025-11-21 00:59:56'),
(1370, 255, 28, 'test2', '30000.00', '2025-12-17', 'Chưa nộp', 'DV-100000115-test2', '2025-11-21 00:59:56', '2025-11-21 00:59:56'),
(1371, 256, 28, 'test2', '30000.00', '2025-12-17', 'Chưa nộp', 'DV-100000116-test2', '2025-11-21 00:59:56', '2025-11-21 00:59:56'),
(1372, 257, 28, 'test2', '30000.00', '2025-12-17', 'Chưa nộp', 'DV-100000117-test2', '2025-11-21 00:59:56', '2025-11-21 00:59:56'),
(1373, 258, 28, 'test2', '30000.00', '2025-12-17', 'Chưa nộp', 'DV-100000118-test2', '2025-11-21 00:59:56', '2025-11-21 00:59:56'),
(1374, 259, 28, 'test2', '30000.00', '2025-12-17', 'Chưa nộp', 'DV-100000119-test2', '2025-11-21 00:59:56', '2025-11-21 00:59:56'),
(1375, 260, 28, 'test2', '30000.00', '2025-12-17', 'Chưa nộp', 'DV-100000120-test2', '2025-11-21 00:59:56', '2025-11-21 00:59:56'),
(1376, 261, 28, 'test2', '30000.00', '2025-12-17', 'Chưa nộp', 'DV-100000121-test2', '2025-11-21 00:59:56', '2025-11-21 00:59:56');

-- --------------------------------------------------------

--
-- Cấu trúc bảng cho bảng `fee_payment`
--

CREATE TABLE `fee_payment` (
  `id` int(11) NOT NULL,
  `obligation_id` int(11) NOT NULL,
  `payer_id` int(11) NOT NULL,
  `collector_id` int(11) DEFAULT NULL,
  `payment_method` varchar(100) NOT NULL,
  `payment_date` datetime DEFAULT current_timestamp(),
  `amount` decimal(10,2) NOT NULL,
  `status` enum('Pending','Success','Failed','Need review','Canceled') DEFAULT 'Pending',
  `receipt_id` int(11) DEFAULT NULL,
  `transaction_code` varchar(100) DEFAULT NULL,
  `note` text DEFAULT NULL,
  `created_at` datetime DEFAULT current_timestamp(),
  `updated_at` datetime DEFAULT current_timestamp() ON UPDATE current_timestamp()
) ENGINE=InnoDB DEFAULT CHARSET=utf8mb4;

-- --------------------------------------------------------

--
-- Cấu trúc bảng cho bảng `fee_policy`
--

CREATE TABLE `fee_policy` (
  `id` int(11) NOT NULL,
  `policy_name` varchar(255) NOT NULL,
  `cycle` varchar(50) NOT NULL,
  `due_date` date DEFAULT NULL,
  `standard_amount` decimal(10,2) NOT NULL,
  `status` enum('Draft','Active','Inactive') DEFAULT 'Draft',
  `created_by` int(11) DEFAULT NULL,
  `created_at` datetime DEFAULT current_timestamp(),
  `updated_at` datetime DEFAULT current_timestamp() ON UPDATE current_timestamp()
) ENGINE=InnoDB DEFAULT CHARSET=utf8mb4;

--
-- Đang đổ dữ liệu cho bảng `fee_policy`
--

INSERT INTO `fee_policy` (`id`, `policy_name`, `cycle`, `due_date`, `standard_amount`, `status`, `created_by`, `created_at`, `updated_at`) VALUES
(28, 'test 1', 'Tháng', '2025-12-17', '30000.00', 'Active', 9, '2025-11-05 15:29:20', '2025-11-20 16:50:51'),
(29, 'test 2', 'Học kỳ', '2026-03-15', '200000.00', 'Draft', 9, '2025-11-05 15:29:48', '2025-11-05 15:29:49'),
(30, 'test 3', 'Năm', '2025-12-23', '600000.00', 'Draft', 9, '2025-11-05 15:30:31', '2025-11-05 15:30:31');

-- --------------------------------------------------------

--
-- Cấu trúc bảng cho bảng `fee_policy_history`
--

CREATE TABLE `fee_policy_history` (
  `id` int(11) NOT NULL,
  `policy_id` int(11) NOT NULL,
  `applied_from` date NOT NULL,
  `applied_to` date DEFAULT NULL,
  `is_active` tinyint(1) DEFAULT 1,
  `created_at` datetime DEFAULT current_timestamp(),
  `updated_at` datetime DEFAULT current_timestamp() ON UPDATE current_timestamp()
) ENGINE=InnoDB DEFAULT CHARSET=utf8mb4;

--
-- Đang đổ dữ liệu cho bảng `fee_policy_history`
--

INSERT INTO `fee_policy_history` (`id`, `policy_id`, `applied_from`, `applied_to`, `is_active`, `created_at`, `updated_at`) VALUES
(67, 28, '2025-01-01', NULL, 0, '2025-11-05 15:29:20', '2025-11-05 15:29:20'),
(68, 28, '2025-02-01', NULL, 0, '2025-11-05 15:29:20', '2025-11-05 15:29:20'),
(69, 28, '2025-03-01', NULL, 0, '2025-11-05 15:29:20', '2025-11-05 15:29:20'),
(70, 28, '2025-04-01', NULL, 0, '2025-11-05 15:29:20', '2025-11-05 15:29:20'),
(71, 28, '2025-05-01', NULL, 0, '2025-11-05 15:29:20', '2025-11-05 15:29:20'),
(72, 28, '2025-06-01', NULL, 0, '2025-11-05 15:29:20', '2025-11-05 15:29:20'),
(73, 28, '2025-07-01', NULL, 0, '2025-11-05 15:29:20', '2025-11-05 15:29:20'),
(74, 28, '2025-08-01', NULL, 0, '2025-11-05 15:29:20', '2025-11-05 15:29:20'),
(75, 28, '2025-09-01', NULL, 0, '2025-11-05 15:29:20', '2025-11-05 15:29:20'),
(76, 28, '2025-10-01', NULL, 0, '2025-11-05 15:29:20', '2025-11-05 15:29:20'),
(77, 28, '2025-11-01', NULL, 0, '2025-11-05 15:29:20', '2025-11-05 15:29:20'),
(78, 28, '2025-12-01', NULL, 0, '2025-11-05 15:29:20', '2025-11-05 15:29:20'),
(79, 29, '2025-01-01', NULL, 0, '2025-11-05 15:29:48', '2025-11-05 15:29:48'),
(80, 29, '2025-07-01', NULL, 0, '2025-11-05 15:29:48', '2025-11-05 15:29:48'),
(81, 30, '2025-01-01', NULL, 0, '2025-11-05 15:30:31', '2025-11-05 15:30:31');

-- --------------------------------------------------------

--
-- Cấu trúc bảng cho bảng `fee_policy_rule`
--

CREATE TABLE `fee_policy_rule` (
  `id` int(11) NOT NULL,
  `policy_id` int(11) NOT NULL,
  `role_name` varchar(255) NOT NULL,
  `amount` decimal(10,2) DEFAULT 0.00,
  `note` text DEFAULT NULL,
  `created_at` datetime DEFAULT current_timestamp(),
  `updated_at` datetime DEFAULT current_timestamp() ON UPDATE current_timestamp()
) ENGINE=InnoDB DEFAULT CHARSET=utf8mb4;

--
-- Đang đổ dữ liệu cho bảng `fee_policy_rule`
--

INSERT INTO `fee_policy_rule` (`id`, `policy_id`, `role_name`, `amount`, `note`, `created_at`, `updated_at`) VALUES
(82, 28, 'BCH Trường', '5000.00', NULL, '2025-11-05 15:29:20', '2025-11-05 15:29:20'),
(83, 28, 'BCH Khoa', '2000.00', NULL, '2025-11-05 15:29:20', '2025-11-05 15:29:20'),
(84, 28, 'BCH Chi đoàn', '1000.00', NULL, '2025-11-05 15:29:20', '2025-11-05 15:29:20'),
(85, 29, 'BCH Trường', '20000.00', NULL, '2025-11-05 15:29:48', '2025-11-05 15:29:48'),
(86, 29, 'BCH Khoa', '10000.00', NULL, '2025-11-05 15:29:48', '2025-11-05 15:29:48'),
(87, 29, 'BCH Chi đoàn', '5000.00', NULL, '2025-11-05 15:29:48', '2025-11-05 15:29:48'),
(88, 30, 'BCH Trường', '50000.00', NULL, '2025-11-05 15:30:31', '2025-11-05 15:30:31'),
(89, 30, 'BCH Khoa', '40000.00', NULL, '2025-11-05 15:30:31', '2025-11-05 15:30:31'),
(90, 30, 'BCH Chi đoàn', '20000.00', NULL, '2025-11-05 15:30:31', '2025-11-05 15:30:31');

-- --------------------------------------------------------

--
-- Cấu trúc bảng cho bảng `fee_receipt`
--

CREATE TABLE `fee_receipt` (
  `id` int(11) NOT NULL,
  `payment_id` int(11) NOT NULL,
  `receipt_code` varchar(100) DEFAULT NULL,
  `issue_date` datetime DEFAULT current_timestamp(),
  `issued_by` int(11) DEFAULT NULL,
  `amount` decimal(10,2) NOT NULL,
  `file_url` varchar(255) DEFAULT NULL,
  `status` enum('Issued','Canceled') DEFAULT 'Issued',
  `created_at` datetime DEFAULT current_timestamp(),
  `updated_at` datetime DEFAULT current_timestamp() ON UPDATE current_timestamp()
) ENGINE=InnoDB DEFAULT CHARSET=utf8mb4;

-- --------------------------------------------------------

--
-- Cấu trúc bảng cho bảng `organization_units`
--

CREATE TABLE `organization_units` (
  `id` int(11) NOT NULL,
  `unit_name` varchar(255) NOT NULL,
  `unit_level` enum('Truong','Khoa','ChiDoan') NOT NULL,
  `parent_id` int(11) DEFAULT NULL,
  `leader_id` int(11) DEFAULT NULL,
  `deputy_id` int(11) DEFAULT NULL,
  `created_at` timestamp NOT NULL DEFAULT current_timestamp(),
  `updated_at` timestamp NOT NULL DEFAULT current_timestamp() ON UPDATE current_timestamp()
) ENGINE=InnoDB DEFAULT CHARSET=utf8mb4;

--
-- Đang đổ dữ liệu cho bảng `organization_units`
--

INSERT INTO `organization_units` (`id`, `unit_name`, `unit_level`, `parent_id`, `leader_id`, `deputy_id`, `created_at`, `updated_at`) VALUES
(1, 'Trường Đại học Sư phạm Hà Nội', 'Truong', NULL, NULL, NULL, '2025-11-01 05:02:17', '2025-11-01 05:02:17'),
(2, 'Khoa Toán - Tin', 'Khoa', 1, NULL, NULL, '2025-11-01 05:02:17', '2025-11-01 05:02:17'),
(4, 'Chi đoàn K72A1', 'ChiDoan', 2, NULL, NULL, '2025-11-01 05:02:17', '2025-11-01 09:08:55'),
(8, 'Khoa CNTT', 'Khoa', 1, NULL, NULL, '2025-11-01 05:10:05', '2025-11-01 05:17:15'),
(9, 'Chi đoàn K72E4', 'ChiDoan', 8, NULL, NULL, '2025-11-01 05:11:36', '2025-11-01 09:09:46'),
(12, 'Chi đoàn K72E2', 'ChiDoan', 8, NULL, NULL, '2025-11-01 05:16:20', '2025-11-01 09:09:29'),
(13, 'Chi đoàn K72E1', 'ChiDoan', 8, NULL, NULL, '2025-11-01 05:16:27', '2025-11-01 09:09:35'),
(15, 'Chi đoàn K72E3', 'ChiDoan', 8, NULL, NULL, '2025-11-01 09:08:07', '2025-11-01 09:09:40'),
(16, 'Chi đoàn K72A2', 'ChiDoan', 2, NULL, NULL, '2025-11-01 09:09:59', '2025-11-01 09:09:59'),
(17, 'Chi đoàn K72A3', 'ChiDoan', 2, NULL, NULL, '2025-11-01 09:10:04', '2025-11-01 09:10:04'),
(18, 'Chi đoàn K72A4', 'ChiDoan', 2, NULL, NULL, '2025-11-01 09:10:09', '2025-11-01 09:10:09'),
(19, 'Khoa Ngữ Văn', 'Khoa', 1, NULL, NULL, '2025-11-01 09:10:39', '2025-11-01 09:10:39'),
(20, 'Chi đoàn K72B1', 'ChiDoan', 19, NULL, NULL, '2025-11-01 09:11:12', '2025-11-01 09:11:24'),
(21, 'Chi đoàn K72B2', 'ChiDoan', 19, NULL, NULL, '2025-11-01 09:11:17', '2025-11-01 09:11:29'),
(22, 'Chi đoàn K72B3', 'ChiDoan', 19, NULL, NULL, '2025-11-01 09:11:34', '2025-11-01 09:11:34'),
(23, 'Chi đoàn K72B4', 'ChiDoan', 19, NULL, NULL, '2025-11-01 09:11:41', '2025-11-01 09:11:41');

-- --------------------------------------------------------

--
-- Cấu trúc bảng cho bảng `role`
--

CREATE TABLE `role` (
  `id` int(11) NOT NULL,
  `role_name` varchar(255) NOT NULL,
  `createdAt` datetime DEFAULT current_timestamp(),
  `updatedAt` datetime DEFAULT current_timestamp() ON UPDATE current_timestamp()
) ENGINE=InnoDB DEFAULT CHARSET=utf8mb4;

--
-- Đang đổ dữ liệu cho bảng `role`
--

INSERT INTO `role` (`id`, `role_name`, `createdAt`, `updatedAt`) VALUES
(1, 'Quản trị viên', '2025-11-01 09:59:40', '2025-11-01 09:59:40'),
(2, 'BCH Trường', '2025-11-01 09:59:40', '2025-11-01 09:59:40'),
(3, 'BCH Khoa', '2025-11-01 09:59:40', '2025-11-01 09:59:40'),
(4, 'BCH Chi đoàn', '2025-11-01 09:59:40', '2025-11-01 09:59:40'),
(5, 'Đoàn viên', '2025-11-01 09:59:40', '2025-11-01 10:11:47');

-- --------------------------------------------------------

--
-- Cấu trúc bảng cho bảng `users`
--

CREATE TABLE `users` (
  `userId` int(11) NOT NULL,
  `userName` varchar(255) NOT NULL,
  `fullName` varchar(255) DEFAULT NULL,
  `gender` enum('M','F','O') DEFAULT 'O',
  `identifyCard` varchar(255) DEFAULT NULL,
  `email` varchar(255) DEFAULT NULL,
  `password` varchar(255) NOT NULL,
  `birthDate` date DEFAULT NULL,
  `joinDate` date DEFAULT NULL,
  `unit` varchar(255) DEFAULT NULL,
  `isAdmin` tinyint(1) DEFAULT 0,
  `createdAt` datetime DEFAULT current_timestamp(),
  `updatedAt` datetime DEFAULT current_timestamp() ON UPDATE current_timestamp()
) ENGINE=InnoDB DEFAULT CHARSET=utf8mb4;

--
-- Đang đổ dữ liệu cho bảng `users`
--

INSERT INTO `users` (`userId`, `userName`, `fullName`, `gender`, `identifyCard`, `email`, `password`, `birthDate`, `joinDate`, `unit`, `isAdmin`, `createdAt`, `updatedAt`) VALUES
(9, 'test', 'Phạm Thị Hồng', 'M', '7251000000', 'admin@gmail.com', '123456', '2025-11-07', '2025-11-22', '1', 1, '2025-11-01 13:13:49', '2025-11-04 00:41:38'),
(142, 'bchtruong1', 'BCH Truong 1', 'F', '100000002', 'bchtruong1@doan.org', '123456', '1979-02-14', '2001-01-05', '1', 0, '2025-11-04 21:38:21', '2025-11-04 21:38:21'),
(143, 'bchtruong2', 'BCH Truong 2', 'M', '100000003', 'bchtruong2@doan.org', '123456', '1980-08-20', '2002-03-10', '1', 0, '2025-11-04 21:38:21', '2025-11-04 21:38:21'),
(144, 'bchtruong3', 'BCH Truong 3', 'F', '100000004', 'bchtruong3@doan.org', '123456', '1982-11-11', '2003-05-15', '1', 0, '2025-11-04 21:38:21', '2025-11-04 21:38:21'),
(145, 'bchtruong4', 'BCH Truong 4', 'M', '100000005', 'bchtruong4@doan.org', '123456', '1976-04-04', '1999-09-01', '1', 0, '2025-11-04 21:38:21', '2025-11-04 21:38:21'),
(146, 'kcntt_01', 'Truong Khoa CNTT 1', 'M', '100000006', 'kcntt01@hnue.edu.vn', '123456', '1978-05-12', '2010-03-01', '8', 0, '2025-11-04 21:38:21', '2025-11-04 21:38:21'),
(147, 'kcntt_02', 'Truong Khoa CNTT 2', 'F', '100000007', 'kcntt02@hnue.edu.vn', '123456', '1981-09-09', '2011-04-10', '8', 0, '2025-11-04 21:38:21', '2025-11-04 21:38:21'),
(148, 'kcntt_03', 'Truong Khoa CNTT 3', 'M', '100000008', 'kcntt03@hnue.edu.vn', '123456', '1975-12-12', '2009-07-20', '8', 0, '2025-11-04 21:38:21', '2025-11-04 21:38:21'),
(149, 'kcntt_04', 'Truong Khoa CNTT 4', 'F', '100000009', 'kcntt04@hnue.edu.vn', '123456', '1983-03-03', '2012-02-28', '8', 0, '2025-11-04 21:38:21', '2025-11-04 21:38:21'),
(150, 'ktoantin_01', 'Truong Khoa Toan-Tin 1', 'M', '100000010', 'ktoantin01@hnue.edu.vn', '123456', '1979-06-06', '2008-09-01', '2', 0, '2025-11-04 21:38:21', '2025-11-04 21:38:21'),
(151, 'ktoantin_02', 'Truong Khoa Toan-Tin 2', 'F', '100000011', 'ktoantin02@hnue.edu.vn', '123456', '1980-10-10', '2009-10-10', '2', 0, '2025-11-04 21:38:21', '2025-11-04 21:38:21'),
(152, 'ktoantin_03', 'Truong Khoa Toan-Tin 3', 'M', '100000012', 'ktoantin03@hnue.edu.vn', '123456', '1976-01-05', '2007-05-05', '2', 0, '2025-11-04 21:38:21', '2025-11-04 21:38:21'),
(153, 'ktoantin_04', 'Truong Khoa Toan-Tin 4', 'F', '100000013', 'ktoantin04@hnue.edu.vn', '123456', '1984-12-12', '2013-11-11', '2', 0, '2025-11-04 21:38:21', '2025-11-04 21:38:21'),
(154, 'knguvan_01', 'Truong Khoa Ngu Van 1', 'F', '100000014', 'knguvan01@hnue.edu.vn', '123456', '1982-07-07', '2006-08-08', '19', 0, '2025-11-04 21:38:21', '2025-11-04 21:38:21'),
(155, 'knguvan_02', 'Truong Khoa Ngu Van 2', 'M', '100000015', 'knguvan02@hnue.edu.vn', '123456', '1977-09-09', '2005-04-04', '19', 0, '2025-11-04 21:38:21', '2025-11-04 21:38:21'),
(156, 'knguvan_03', 'Truong Khoa Ngu Van 3', 'F', '100000016', 'knguvan03@hnue.edu.vn', '123456', '1985-01-20', '2014-01-20', '19', 0, '2025-11-04 21:38:21', '2025-11-04 21:38:21'),
(157, 'knguvan_04', 'Truong Khoa Ngu Van 4', 'M', '100000017', 'knguvan04@hnue.edu.vn', '123456', '1974-02-02', '2003-03-03', '19', 0, '2025-11-04 21:38:21', '2025-11-04 21:38:21'),
(158, 'bch_cd_k72e1_1', 'BCH CD K72E1 - 1', 'F', '100000018', 'bchk72e1_1@doan.org', '123456', '1990-02-02', '2015-05-10', '13', 0, '2025-11-04 21:38:21', '2025-11-04 21:38:21'),
(159, 'bch_cd_k72e1_2', 'BCH CD K72E1 - 2', 'M', '100000019', 'bchk72e1_2@doan.org', '123456', '1991-03-03', '2016-06-11', '13', 0, '2025-11-04 21:38:21', '2025-11-04 21:38:21'),
(160, 'bch_cd_k72e1_3', 'BCH CD K72E1 - 3', 'F', '100000020', 'bchk72e1_3@doan.org', '123456', '1992-04-04', '2017-07-12', '13', 0, '2025-11-04 21:38:21', '2025-11-04 21:38:21'),
(161, 'bch_cd_k72e1_4', 'BCH CD K72E1 - 4', 'M', '100000021', 'bchk72e1_4@doan.org', '123456', '1989-05-05', '2014-08-13', '13', 0, '2025-11-04 21:38:21', '2025-11-04 21:38:21'),
(162, 'bch_cd_k72e2_1', 'BCH CD K72E2 - 1', 'M', '100000022', 'bchk72e2_1@doan.org', '123456', '1990-06-06', '2015-09-14', '12', 0, '2025-11-04 21:38:21', '2025-11-04 21:38:21'),
(163, 'bch_cd_k72e2_2', 'BCH CD K72E2 - 2', 'F', '100000023', 'bchk72e2_2@doan.org', '123456', '1991-07-07', '2016-10-15', '12', 0, '2025-11-04 21:38:21', '2025-11-04 21:38:21'),
(164, 'bch_cd_k72e2_3', 'BCH CD K72E2 - 3', 'M', '100000024', 'bchk72e2_3@doan.org', '123456', '1992-08-08', '2017-11-16', '12', 0, '2025-11-04 21:38:21', '2025-11-04 21:38:21'),
(165, 'bch_cd_k72e2_4', 'BCH CD K72E2 - 4', 'F', '100000025', 'bchk72e2_4@doan.org', '123456', '1988-09-09', '2014-12-17', '12', 0, '2025-11-04 21:38:21', '2025-11-04 21:38:21'),
(166, 'bch_cd_k72e3_1', 'BCH CD K72E3 - 1', 'F', '100000026', 'bchk72e3_1@doan.org', '123456', '1990-10-10', '2015-01-18', '15', 0, '2025-11-04 21:38:21', '2025-11-04 21:38:21'),
(167, 'bch_cd_k72e3_2', 'BCH CD K72E3 - 2', 'M', '100000027', 'bchk72e3_2@doan.org', '123456', '1991-11-11', '2016-02-19', '15', 0, '2025-11-04 21:38:21', '2025-11-04 21:38:21'),
(168, 'bch_cd_k72e3_3', 'BCH CD K72E3 - 3', 'F', '100000028', 'bchk72e3_3@doan.org', '123456', '1992-12-12', '2017-03-20', '15', 0, '2025-11-04 21:38:21', '2025-11-04 21:38:21'),
(169, 'bch_cd_k72e3_4', 'BCH CD K72E3 - 4', 'M', '100000029', 'bchk72e3_4@doan.org', '123456', '1989-01-01', '2014-04-21', '15', 0, '2025-11-04 21:38:21', '2025-11-04 21:38:21'),
(170, 'bch_cd_k72e4_1', 'BCH CD K72E4 - 1', 'M', '100000030', 'bchk72e4_1@doan.org', '123456', '1990-02-02', '2015-05-22', '9', 0, '2025-11-04 21:38:21', '2025-11-04 21:38:21'),
(171, 'bch_cd_k72e4_2', 'BCH CD K72E4 - 2', 'F', '100000031', 'bchk72e4_2@doan.org', '123456', '1991-03-03', '2016-06-23', '9', 0, '2025-11-04 21:38:21', '2025-11-04 21:38:21'),
(172, 'bch_cd_k72e4_3', 'BCH CD K72E4 - 3', 'M', '100000032', 'bchk72e4_3@doan.org', '123456', '1992-04-04', '2017-07-24', '9', 0, '2025-11-04 21:38:21', '2025-11-04 21:38:21'),
(173, 'bch_cd_k72e4_4', 'BCH CD K72E4 - 4', 'F', '100000033', 'bchk72e4_4@doan.org', '123456', '1989-05-05', '2014-08-25', '9', 0, '2025-11-04 21:38:21', '2025-11-04 21:38:21'),
(174, 'bch_cd_k72a1_1', 'BCH CD K72A1 - 1', 'F', '100000034', 'bchk72a1_1@doan.org', '123456', '1990-06-06', '2015-09-26', '4', 0, '2025-11-04 21:38:21', '2025-11-04 21:38:21'),
(175, 'bch_cd_k72a1_2', 'BCH CD K72A1 - 2', 'M', '100000035', 'bchk72a1_2@doan.org', '123456', '1991-07-07', '2016-10-27', '4', 0, '2025-11-04 21:38:21', '2025-11-04 21:38:21'),
(176, 'bch_cd_k72a1_3', 'BCH CD K72A1 - 3', 'F', '100000036', 'bchk72a1_3@doan.org', '123456', '1992-08-08', '2017-11-28', '4', 0, '2025-11-04 21:38:21', '2025-11-04 21:38:21'),
(177, 'bch_cd_k72a1_4', 'BCH CD K72A1 - 4', 'M', '100000037', 'bchk72a1_4@doan.org', '123456', '1988-09-09', '2014-12-29', '4', 0, '2025-11-04 21:38:21', '2025-11-04 21:38:21'),
(178, 'bch_cd_k72a2_1', 'BCH CD K72A2 - 1', 'M', '100000038', 'bchk72a2_1@doan.org', '123456', '1990-10-10', '2015-01-30', '16', 0, '2025-11-04 21:38:21', '2025-11-04 21:38:21'),
(179, 'bch_cd_k72a2_2', 'BCH CD K72A2 - 2', 'F', '100000039', 'bchk72a2_2@doan.org', '123456', '1991-11-11', '2016-02-29', '16', 0, '2025-11-04 21:38:21', '2025-11-04 21:38:21'),
(180, 'bch_cd_k72a2_3', 'BCH CD K72A2 - 3', 'M', '100000040', 'bchk72a2_3@doan.org', '123456', '1992-12-12', '2017-03-31', '16', 0, '2025-11-04 21:38:21', '2025-11-04 21:38:21'),
(181, 'bch_cd_k72a2_4', 'BCH CD K72A2 - 4', 'F', '100000041', 'bchk72a2_4@doan.org', '123456', '1989-01-01', '2014-04-01', '16', 0, '2025-11-04 21:38:21', '2025-11-04 21:38:21'),
(182, 'bch_cd_k72a3_1', 'BCH CD K72A3 - 1', 'F', '100000042', 'bchk72a3_1@doan.org', '123456', '1990-02-02', '2015-05-02', '17', 0, '2025-11-04 21:38:21', '2025-11-04 21:38:21'),
(183, 'bch_cd_k72a3_2', 'BCH CD K72A3 - 2', 'M', '100000043', 'bchk72a3_2@doan.org', '123456', '1991-03-03', '2016-06-03', '17', 0, '2025-11-04 21:38:21', '2025-11-04 21:38:21'),
(184, 'bch_cd_k72a3_3', 'BCH CD K72A3 - 3', 'F', '100000044', 'bchk72a3_3@doan.org', '123456', '1992-04-04', '2017-07-04', '17', 0, '2025-11-04 21:38:21', '2025-11-04 21:38:21'),
(185, 'bch_cd_k72a3_4', 'BCH CD K72A3 - 4', 'M', '100000045', 'bchk72a3_4@doan.org', '123456', '1989-05-05', '2014-08-05', '17', 0, '2025-11-04 21:38:21', '2025-11-04 21:38:21'),
(186, 'bch_cd_k72a4_1', 'BCH CD K72A4 - 1', 'M', '100000046', 'bchk72a4_1@doan.org', '123456', '1990-06-06', '2015-09-06', '18', 0, '2025-11-04 21:38:21', '2025-11-04 21:38:21'),
(187, 'bch_cd_k72a4_2', 'BCH CD K72A4 - 2', 'F', '100000047', 'bchk72a4_2@doan.org', '123456', '1991-07-07', '2016-10-06', '18', 0, '2025-11-04 21:38:21', '2025-11-04 21:38:21'),
(188, 'bch_cd_k72a4_3', 'BCH CD K72A4 - 3', 'M', '100000048', 'bchk72a4_3@doan.org', '123456', '1992-08-08', '2017-11-06', '18', 0, '2025-11-04 21:38:21', '2025-11-04 21:38:21'),
(189, 'bch_cd_k72a4_4', 'BCH CD K72A4 - 4', 'F', '100000049', 'bchk72a4_4@doan.org', '123456', '1988-09-09', '2014-12-06', '18', 0, '2025-11-04 21:38:21', '2025-11-04 21:38:21'),
(190, 'bch_cd_k72b1_1', 'BCH CD K72B1 - 1', 'F', '100000050', 'bchk72b1_1@doan.org', '123456', '1990-10-10', '2015-01-05', '20', 0, '2025-11-04 21:38:21', '2025-11-04 21:38:21'),
(191, 'bch_cd_k72b1_2', 'BCH CD K72B1 - 2', 'M', '100000051', 'bchk72b1_2@doan.org', '123456', '1991-11-11', '2016-02-06', '20', 0, '2025-11-04 21:38:21', '2025-11-04 21:38:21'),
(192, 'bch_cd_k72b1_3', 'BCH CD K72B1 - 3', 'F', '100000052', 'bchk72b1_3@doan.org', '123456', '1992-12-12', '2017-03-07', '20', 0, '2025-11-04 21:38:21', '2025-11-04 21:38:21'),
(193, 'bch_cd_k72b1_4', 'BCH CD K72B1 - 4', 'M', '100000053', 'bchk72b1_4@doan.org', '123456', '1989-01-01', '2014-04-08', '20', 0, '2025-11-04 21:38:21', '2025-11-04 21:38:21'),
(194, 'bch_cd_k72b2_1', 'BCH CD K72B2 - 1', 'M', '100000054', 'bchk72b2_1@doan.org', '123456', '1990-02-02', '2015-05-09', '21', 0, '2025-11-04 21:38:21', '2025-11-04 21:38:21'),
(195, 'bch_cd_k72b2_2', 'BCH CD K72B2 - 2', 'F', '100000055', 'bchk72b2_2@doan.org', '123456', '1991-03-03', '2016-06-10', '21', 0, '2025-11-04 21:38:21', '2025-11-04 21:38:21'),
(196, 'bch_cd_k72b2_3', 'BCH CD K72B2 - 3', 'M', '100000056', 'bchk72b2_3@doan.org', '123456', '1992-04-04', '2017-07-11', '21', 0, '2025-11-04 21:38:21', '2025-11-04 21:38:21'),
(197, 'bch_cd_k72b2_4', 'BCH CD K72B2 - 4', 'F', '100000057', 'bchk72b2_4@doan.org', '123456', '1989-05-05', '2014-08-12', '21', 0, '2025-11-04 21:38:21', '2025-11-04 21:38:21'),
(198, 'bch_cd_k72b3_1', 'BCH CD K72B3 - 1', 'F', '100000058', 'bchk72b3_1@doan.org', '123456', '1990-06-06', '2015-09-13', '22', 0, '2025-11-04 21:38:21', '2025-11-04 21:38:21'),
(199, 'bch_cd_k72b3_2', 'BCH CD K72B3 - 2', 'M', '100000059', 'bchk72b3_2@doan.org', '123456', '1991-07-07', '2016-10-14', '22', 0, '2025-11-04 21:38:21', '2025-11-04 21:38:21'),
(200, 'bch_cd_k72b3_3', 'BCH CD K72B3 - 3', 'F', '100000060', 'bchk72b3_3@doan.org', '123456', '1992-08-08', '2017-11-15', '22', 0, '2025-11-04 21:38:21', '2025-11-04 21:38:21'),
(201, 'bch_cd_k72b3_4', 'BCH CD K72B3 - 4', 'M', '100000061', 'bchk72b3_4@doan.org', '123456', '1989-09-09', '2014-12-16', '22', 0, '2025-11-04 21:38:21', '2025-11-04 21:38:21'),
(202, 'sv_k72e1_01', 'Nguyen Van E1', 'M', '100000062', 'sv_k72e1_01@hnue.edu.vn', '123456', '2000-01-10', '2019-09-01', '13', 0, '2025-11-04 21:38:21', '2025-11-04 21:38:21'),
(203, 'sv_k72e1_02', 'Tran Thi E2', 'F', '100000063', 'sv_k72e1_02@hnue.edu.vn', '123456', '2000-02-11', '2019-09-02', '13', 0, '2025-11-04 21:38:21', '2025-11-04 21:38:21'),
(204, 'sv_k72e1_03', 'Le Van E3', 'M', '100000064', 'sv_k72e1_03@hnue.edu.vn', '123456', '2000-03-12', '2019-09-03', '13', 0, '2025-11-04 21:38:21', '2025-11-04 21:38:21'),
(205, 'sv_k72e1_04', 'Pham Thi E4', 'F', '100000065', 'sv_k72e1_04@hnue.edu.vn', '123456', '2000-04-13', '2019-09-04', '13', 0, '2025-11-04 21:38:21', '2025-11-04 21:38:21'),
(206, 'sv_k72e1_05', 'Hoang Van E5', 'M', '100000066', 'sv_k72e1_05@hnue.edu.vn', '123456', '2000-05-14', '2019-09-05', '13', 0, '2025-11-04 21:38:21', '2025-11-04 21:38:21'),
(207, 'sv_k72e2_01', 'Nguyen Van F1', 'M', '100000067', 'sv_k72e2_01@hnue.edu.vn', '123456', '2000-06-15', '2019-09-06', '12', 0, '2025-11-04 21:38:21', '2025-11-04 21:38:21'),
(208, 'sv_k72e2_02', 'Tran Thi F2', 'F', '100000068', 'sv_k72e2_02@hnue.edu.vn', '123456', '2000-07-16', '2019-09-07', '12', 0, '2025-11-04 21:38:21', '2025-11-04 21:38:21'),
(209, 'sv_k72e2_03', 'Le Van F3', 'M', '100000069', 'sv_k72e2_03@hnue.edu.vn', '123456', '2000-08-17', '2019-09-08', '12', 0, '2025-11-04 21:38:21', '2025-11-04 21:38:21'),
(210, 'sv_k72e2_04', 'Pham Thi F4', 'F', '100000070', 'sv_k72e2_04@hnue.edu.vn', '123456', '2000-09-18', '2019-09-09', '12', 0, '2025-11-04 21:38:21', '2025-11-04 21:38:21'),
(211, 'sv_k72e2_05', 'Hoang Van F5', 'M', '100000071', 'sv_k72e2_05@hnue.edu.vn', '123456', '2000-10-19', '2019-09-10', '12', 0, '2025-11-04 21:38:21', '2025-11-04 21:38:21'),
(212, 'sv_k72e3_01', 'Nguyen Van G1', 'M', '100000072', 'sv_k72e3_01@hnue.edu.vn', '123456', '2000-11-20', '2019-09-11', '15', 0, '2025-11-04 21:38:21', '2025-11-04 21:38:21'),
(213, 'sv_k72e3_02', 'Tran Thi G2', 'F', '100000073', 'sv_k72e3_02@hnue.edu.vn', '123456', '2000-12-21', '2019-09-12', '15', 0, '2025-11-04 21:38:21', '2025-11-04 21:38:21'),
(214, 'sv_k72e3_03', 'Le Van G3', 'M', '100000074', 'sv_k72e3_03@hnue.edu.vn', '123456', '2001-01-22', '2020-02-01', '15', 0, '2025-11-04 21:38:21', '2025-11-04 21:38:21'),
(215, 'sv_k72e3_04', 'Pham Thi G4', 'F', '100000075', 'sv_k72e3_04@hnue.edu.vn', '123456', '2001-02-23', '2020-02-02', '15', 0, '2025-11-04 21:38:21', '2025-11-04 21:38:21'),
(216, 'sv_k72e3_05', 'Hoang Van G5', 'M', '100000076', 'sv_k72e3_05@hnue.edu.vn', '123456', '2001-03-24', '2020-02-03', '15', 0, '2025-11-04 21:38:21', '2025-11-04 21:38:21'),
(217, 'sv_k72e4_01', 'Nguyen Van H1', 'M', '100000077', 'stu725105179@hnue.edu.vn', '123456', '2001-04-25', '2020-02-04', '9', 0, '2025-11-04 21:38:21', '2025-11-20 17:15:17'),
(218, 'sv_k72e4_02', 'Tran Thi H2', 'F', '100000078', 'sv_k72e4_02@hnue.edu.vn', '123456', '2001-05-26', '2020-02-05', '9', 0, '2025-11-04 21:38:21', '2025-11-04 21:38:21'),
(219, 'sv_k72e4_03', 'Le Van H3', 'M', '100000079', 'sv_k72e4_03@hnue.edu.vn', '123456', '2001-06-27', '2020-02-06', '9', 0, '2025-11-04 21:38:21', '2025-11-04 21:38:21'),
(220, 'sv_k72e4_04', 'Pham Thi H4', 'F', '100000080', 'sv_k72e4_04@hnue.edu.vn', '123456', '2001-07-28', '2020-02-07', '9', 0, '2025-11-04 21:38:21', '2025-11-04 21:38:21'),
(221, 'sv_k72e4_05', 'Hoang Van H5', 'M', '100000081', 'sv_k72e4_05@hnue.edu.vn', '123456', '2001-08-29', '2020-02-08', '9', 0, '2025-11-04 21:38:21', '2025-11-04 21:38:21'),
(222, 'sv_k72a1_01', 'Nguyen Van A1', 'M', '100000082', 'sv_k72a1_01@hnue.edu.vn', '123456', '2001-09-30', '2020-03-01', '4', 0, '2025-11-04 21:38:21', '2025-11-04 21:38:21'),
(223, 'sv_k72a1_02', 'Tran Thi A2', 'F', '100000083', 'sv_k72a1_02@hnue.edu.vn', '123456', '2001-10-01', '2020-03-02', '4', 0, '2025-11-04 21:38:21', '2025-11-04 21:38:21'),
(224, 'sv_k72a1_03', 'Le Van A3', 'M', '100000084', 'sv_k72a1_03@hnue.edu.vn', '123456', '2001-11-02', '2020-03-03', '4', 0, '2025-11-04 21:38:21', '2025-11-04 21:38:21'),
(225, 'sv_k72a1_04', 'Pham Thi A4', 'F', '100000085', 'sv_k72a1_04@hnue.edu.vn', '123456', '2001-12-03', '2020-03-04', '4', 0, '2025-11-04 21:38:21', '2025-11-04 21:38:21'),
(226, 'sv_k72a1_05', 'Hoang Van A5', 'M', '100000086', 'sv_k72a1_05@hnue.edu.vn', '123456', '2002-01-04', '2020-03-05', '4', 0, '2025-11-04 21:38:21', '2025-11-04 21:38:21'),
(227, 'sv_k72a2_01', 'Nguyen Van B1', 'M', '100000087', 'sv_k72a2_01@hnue.edu.vn', '123456', '2002-02-05', '2020-03-06', '16', 0, '2025-11-04 21:38:21', '2025-11-04 21:38:21'),
(228, 'sv_k72a2_02', 'Tran Thi B2', 'F', '100000088', 'sv_k72a2_02@hnue.edu.vn', '123456', '2002-03-06', '2020-03-07', '16', 0, '2025-11-04 21:38:22', '2025-11-04 21:38:22'),
(229, 'sv_k72a2_03', 'Le Van B3', 'M', '100000089', 'sv_k72a2_03@hnue.edu.vn', '123456', '2002-04-07', '2020-03-08', '16', 0, '2025-11-04 21:38:22', '2025-11-04 21:38:22'),
(230, 'sv_k72a2_04', 'Pham Thi B4', 'F', '100000090', 'sv_k72a2_04@hnue.edu.vn', '123456', '2002-05-08', '2020-03-09', '16', 0, '2025-11-04 21:38:22', '2025-11-04 21:38:22'),
(231, 'sv_k72a2_05', 'Hoang Van B5', 'M', '100000091', 'sv_k72a2_05@hnue.edu.vn', '123456', '2002-06-09', '2020-03-10', '16', 0, '2025-11-04 21:38:22', '2025-11-04 21:38:22'),
(232, 'sv_k72a3_01', 'Nguyen Van C1', 'M', '100000092', 'sv_k72a3_01@hnue.edu.vn', '123456', '2002-07-10', '2020-03-11', '17', 0, '2025-11-04 21:38:22', '2025-11-04 21:38:22'),
(233, 'sv_k72a3_02', 'Tran Thi C2', 'F', '100000093', 'sv_k72a3_02@hnue.edu.vn', '123456', '2002-08-11', '2020-03-12', '17', 0, '2025-11-04 21:38:22', '2025-11-04 21:38:22'),
(234, 'sv_k72a3_03', 'Le Van C3', 'M', '100000094', 'sv_k72a3_03@hnue.edu.vn', '123456', '2002-09-12', '2020-03-13', '17', 0, '2025-11-04 21:38:22', '2025-11-04 21:38:22'),
(235, 'sv_k72a3_04', 'Pham Thi C4', 'F', '100000095', 'sv_k72a3_04@hnue.edu.vn', '123456', '2002-10-13', '2020-03-14', '17', 0, '2025-11-04 21:38:22', '2025-11-04 21:38:22'),
(236, 'sv_k72a3_05', 'Hoang Van C5', 'M', '100000096', 'sv_k72a3_05@hnue.edu.vn', '123456', '2002-11-14', '2020-03-15', '17', 0, '2025-11-04 21:38:22', '2025-11-04 21:38:22'),
(237, 'sv_k72a4_01', 'Nguyen Van D1', 'M', '100000097', 'sv_k72a4_01@hnue.edu.vn', '123456', '2002-12-15', '2020-03-16', '18', 0, '2025-11-04 21:38:22', '2025-11-04 21:38:22'),
(238, 'sv_k72a4_02', 'Tran Thi D2', 'F', '100000098', 'sv_k72a4_02@hnue.edu.vn', '123456', '2003-01-16', '2020-03-17', '18', 0, '2025-11-04 21:38:22', '2025-11-04 21:38:22'),
(239, 'sv_k72a4_03', 'Le Van D3', 'M', '100000099', 'sv_k72a4_03@hnue.edu.vn', '123456', '2003-02-17', '2020-03-18', '18', 0, '2025-11-04 21:38:22', '2025-11-04 21:38:22'),
(240, 'sv_k72a4_04', 'Pham Thi D4', 'F', '100000100', 'sv_k72a4_04@hnue.edu.vn', '123456', '2003-03-18', '2020-03-19', '18', 0, '2025-11-04 21:38:22', '2025-11-04 21:38:22'),
(241, 'sv_k72a4_05', 'Hoang Van D5', 'M', '100000101', 'sv_k72a4_05@hnue.edu.vn', '123456', '2003-04-19', '2020-03-20', '18', 0, '2025-11-04 21:38:22', '2025-11-04 21:38:22'),
(242, 'sv_k72b1_01', 'Nguyen Van B1-1', 'M', '100000102', 'sv_k72b1_01@hnue.edu.vn', '123456', '2001-05-20', '2019-10-01', '20', 0, '2025-11-04 21:38:22', '2025-11-04 21:38:22'),
(243, 'sv_k72b1_02', 'Tran Thi B1-2', 'F', '100000103', 'sv_k72b1_02@hnue.edu.vn', '123456', '2001-06-21', '2019-10-02', '20', 0, '2025-11-04 21:38:22', '2025-11-04 21:38:22'),
(244, 'sv_k72b1_03', 'Le Van B1-3', 'M', '100000104', 'sv_k72b1_03@hnue.edu.vn', '123456', '2001-07-22', '2019-10-03', '20', 0, '2025-11-04 21:38:22', '2025-11-04 21:38:22'),
(245, 'sv_k72b1_04', 'Pham Thi B1-4', 'F', '100000105', 'sv_k72b1_04@hnue.edu.vn', '123456', '2001-08-23', '2019-10-04', '20', 0, '2025-11-04 21:38:22', '2025-11-04 21:38:22'),
(246, 'sv_k72b1_05', 'Hoang Van B1-5', 'M', '100000106', 'sv_k72b1_05@hnue.edu.vn', '123456', '2001-09-24', '2019-10-05', '20', 0, '2025-11-04 21:38:22', '2025-11-04 21:38:22'),
(247, 'sv_k72b2_01', 'Nguyen Van B2-1', 'M', '100000107', 'sv_k72b2_01@hnue.edu.vn', '123456', '2001-10-25', '2019-10-06', '21', 0, '2025-11-04 21:38:22', '2025-11-04 21:38:22'),
(248, 'sv_k72b2_02', 'Tran Thi B2-2', 'F', '100000108', 'sv_k72b2_02@hnue.edu.vn', '123456', '2001-11-26', '2019-10-07', '21', 0, '2025-11-04 21:38:22', '2025-11-04 21:38:22'),
(249, 'sv_k72b2_03', 'Le Van B2-3', 'M', '100000109', 'sv_k72b2_03@hnue.edu.vn', '123456', '2001-12-27', '2019-10-08', '21', 0, '2025-11-04 21:38:22', '2025-11-04 21:38:22'),
(250, 'sv_k72b2_04', 'Pham Thi B2-4', 'F', '100000110', 'sv_k72b2_04@hnue.edu.vn', '123456', '2002-01-28', '2019-10-09', '21', 0, '2025-11-04 21:38:22', '2025-11-04 21:38:22'),
(251, 'sv_k72b2_05', 'Hoang Van B2-5', 'M', '100000111', 'sv_k72b2_05@hnue.edu.vn', '123456', '2002-02-28', '2019-10-10', '21', 0, '2025-11-04 21:38:22', '2025-11-04 21:38:22'),
(252, 'sv_k72b3_01', 'Nguyen Van B3-1', 'M', '100000112', 'sv_k72b3_01@hnue.edu.vn', '123456', '2002-03-29', '2019-10-11', '22', 0, '2025-11-04 21:38:22', '2025-11-04 21:38:22'),
(253, 'sv_k72b3_02', 'Tran Thi B3-2', 'F', '100000113', 'sv_k72b3_02@hnue.edu.vn', '123456', '2002-04-30', '2019-10-12', '22', 0, '2025-11-04 21:38:22', '2025-11-04 21:38:22'),
(254, 'sv_k72b3_03', 'Le Van B3-3', 'M', '100000114', 'sv_k72b3_03@hnue.edu.vn', '123456', '2002-05-31', '2019-10-13', '22', 0, '2025-11-04 21:38:22', '2025-11-04 21:38:22'),
(255, 'sv_k72b3_04', 'Pham Thi B3-4', 'F', '100000115', 'sv_k72b3_04@hnue.edu.vn', '123456', '2002-06-01', '2019-10-14', '22', 0, '2025-11-04 21:38:22', '2025-11-04 21:38:22'),
(256, 'sv_k72b3_05', 'Hoang Van B3-5', 'M', '100000116', 'sv_k72b3_05@hnue.edu.vn', '123456', '2002-07-02', '2019-10-15', '22', 0, '2025-11-04 21:38:22', '2025-11-04 21:38:22'),
(257, 'sv_k72b4_01', 'Nguyen Van B4-1', 'M', '100000117', 'sv_k72b4_01@hnue.edu.vn', '123456', '2002-08-03', '2019-10-16', '23', 0, '2025-11-04 21:38:22', '2025-11-04 21:38:22'),
(258, 'sv_k72b4_02', 'Tran Thi B4-2', 'F', '100000118', 'sv_k72b4_02@hnue.edu.vn', '123456', '2002-09-04', '2019-10-17', '23', 0, '2025-11-04 21:38:22', '2025-11-04 21:38:22'),
(259, 'sv_k72b4_03', 'Le Van B4-3', 'M', '100000119', 'sv_k72b4_03@hnue.edu.vn', '123456', '2002-10-05', '2019-10-18', '23', 0, '2025-11-04 21:38:22', '2025-11-04 21:38:22'),
(260, 'sv_k72b4_04', 'Pham Thi B4-4', 'F', '100000120', 'sv_k72b4_04@hnue.edu.vn', '123456', '2002-11-06', '2019-10-19', '23', 0, '2025-11-04 21:38:22', '2025-11-04 21:38:22'),
(261, 'sv_k72b4_05', 'Hoang Van B4-5', 'M', '100000121', 'sv_k72b4_05@hnue.edu.vn', '123456', '2002-12-07', '2019-10-20', '23', 0, '2025-11-04 21:38:22', '2025-11-04 21:38:22');

-- --------------------------------------------------------

--
-- Cấu trúc bảng cho bảng `user_role`
--

CREATE TABLE `user_role` (
  `id` int(11) NOT NULL,
  `user_id` int(11) NOT NULL,
  `role_id` int(11) NOT NULL,
  `createdAt` datetime DEFAULT current_timestamp(),
  `updatedAt` datetime DEFAULT current_timestamp() ON UPDATE current_timestamp()
) ENGINE=InnoDB DEFAULT CHARSET=utf8mb4;

--
-- Đang đổ dữ liệu cho bảng `user_role`
--

INSERT INTO `user_role` (`id`, `user_id`, `role_id`, `createdAt`, `updatedAt`) VALUES
(9, 9, 1, '2025-11-01 13:13:49', '2025-11-04 00:41:38'),
(142, 142, 2, '2025-11-04 21:38:21', '2025-11-04 21:38:21'),
(143, 143, 2, '2025-11-04 21:38:21', '2025-11-04 21:38:21'),
(144, 144, 2, '2025-11-04 21:38:21', '2025-11-04 21:38:21'),
(145, 145, 2, '2025-11-04 21:38:21', '2025-11-04 21:38:21'),
(146, 146, 3, '2025-11-04 21:38:21', '2025-11-04 21:38:21'),
(147, 147, 3, '2025-11-04 21:38:21', '2025-11-04 21:38:21'),
(148, 148, 3, '2025-11-04 21:38:21', '2025-11-04 21:38:21'),
(149, 149, 3, '2025-11-04 21:38:21', '2025-11-04 21:38:21'),
(150, 150, 3, '2025-11-04 21:38:21', '2025-11-04 21:38:21'),
(151, 151, 3, '2025-11-04 21:38:21', '2025-11-04 21:38:21'),
(152, 152, 3, '2025-11-04 21:38:21', '2025-11-04 21:38:21'),
(153, 153, 3, '2025-11-04 21:38:21', '2025-11-04 21:38:21'),
(154, 154, 3, '2025-11-04 21:38:21', '2025-11-04 21:38:21'),
(155, 155, 3, '2025-11-04 21:38:21', '2025-11-04 21:38:21'),
(156, 156, 3, '2025-11-04 21:38:21', '2025-11-04 21:38:21'),
(157, 157, 3, '2025-11-04 21:38:21', '2025-11-04 21:38:21'),
(158, 158, 4, '2025-11-04 21:38:21', '2025-11-04 21:38:21'),
(159, 159, 4, '2025-11-04 21:38:21', '2025-11-04 21:38:21'),
(160, 160, 4, '2025-11-04 21:38:21', '2025-11-04 21:38:21'),
(161, 161, 4, '2025-11-04 21:38:21', '2025-11-04 21:38:21'),
(162, 162, 4, '2025-11-04 21:38:21', '2025-11-04 21:38:21'),
(163, 163, 4, '2025-11-04 21:38:21', '2025-11-04 21:38:21'),
(164, 164, 4, '2025-11-04 21:38:21', '2025-11-04 21:38:21'),
(165, 165, 4, '2025-11-04 21:38:21', '2025-11-04 21:38:21'),
(166, 166, 4, '2025-11-04 21:38:21', '2025-11-04 21:38:21'),
(167, 167, 4, '2025-11-04 21:38:21', '2025-11-04 21:38:21'),
(168, 168, 4, '2025-11-04 21:38:21', '2025-11-04 21:38:21'),
(169, 169, 4, '2025-11-04 21:38:21', '2025-11-04 21:38:21'),
(170, 170, 4, '2025-11-04 21:38:21', '2025-11-04 21:38:21'),
(171, 171, 4, '2025-11-04 21:38:21', '2025-11-04 21:38:21'),
(172, 172, 4, '2025-11-04 21:38:21', '2025-11-04 21:38:21'),
(173, 173, 4, '2025-11-04 21:38:21', '2025-11-04 21:38:21'),
(174, 174, 4, '2025-11-04 21:38:21', '2025-11-04 21:38:21'),
(175, 175, 4, '2025-11-04 21:38:21', '2025-11-04 21:38:21'),
(176, 176, 4, '2025-11-04 21:38:21', '2025-11-04 21:38:21'),
(177, 177, 4, '2025-11-04 21:38:21', '2025-11-04 21:38:21'),
(178, 178, 4, '2025-11-04 21:38:21', '2025-11-04 21:38:21'),
(179, 179, 4, '2025-11-04 21:38:21', '2025-11-04 21:38:21'),
(180, 180, 4, '2025-11-04 21:38:21', '2025-11-04 21:38:21'),
(181, 181, 4, '2025-11-04 21:38:21', '2025-11-04 21:38:21'),
(182, 182, 4, '2025-11-04 21:38:21', '2025-11-04 21:38:21'),
(183, 183, 4, '2025-11-04 21:38:21', '2025-11-04 21:38:21'),
(184, 184, 4, '2025-11-04 21:38:21', '2025-11-04 21:38:21'),
(185, 185, 4, '2025-11-04 21:38:21', '2025-11-04 21:38:21'),
(186, 186, 4, '2025-11-04 21:38:21', '2025-11-04 21:38:21'),
(187, 187, 4, '2025-11-04 21:38:21', '2025-11-04 21:38:21'),
(188, 188, 4, '2025-11-04 21:38:21', '2025-11-04 21:38:21'),
(189, 189, 4, '2025-11-04 21:38:21', '2025-11-04 21:38:21'),
(190, 190, 4, '2025-11-04 21:38:21', '2025-11-04 21:38:21'),
(191, 191, 4, '2025-11-04 21:38:21', '2025-11-04 21:38:21'),
(192, 192, 4, '2025-11-04 21:38:21', '2025-11-04 21:38:21'),
(193, 193, 4, '2025-11-04 21:38:21', '2025-11-04 21:38:21'),
(194, 194, 4, '2025-11-04 21:38:21', '2025-11-04 21:38:21'),
(195, 195, 4, '2025-11-04 21:38:21', '2025-11-04 21:38:21'),
(196, 196, 4, '2025-11-04 21:38:21', '2025-11-04 21:38:21'),
(197, 197, 4, '2025-11-04 21:38:21', '2025-11-04 21:38:21'),
(198, 198, 4, '2025-11-04 21:38:21', '2025-11-04 21:38:21'),
(199, 199, 4, '2025-11-04 21:38:21', '2025-11-04 21:38:21'),
(200, 200, 4, '2025-11-04 21:38:21', '2025-11-04 21:38:21'),
(201, 201, 4, '2025-11-04 21:38:21', '2025-11-04 21:38:21'),
(202, 202, 5, '2025-11-04 21:38:21', '2025-11-04 21:38:21'),
(203, 203, 5, '2025-11-04 21:38:21', '2025-11-04 21:38:21'),
(204, 204, 5, '2025-11-04 21:38:21', '2025-11-04 21:38:21'),
(205, 205, 5, '2025-11-04 21:38:21', '2025-11-04 21:38:21'),
(206, 206, 5, '2025-11-04 21:38:21', '2025-11-04 21:38:21'),
(207, 207, 5, '2025-11-04 21:38:21', '2025-11-04 21:38:21'),
(208, 208, 5, '2025-11-04 21:38:21', '2025-11-04 21:38:21'),
(209, 209, 5, '2025-11-04 21:38:21', '2025-11-04 21:38:21'),
(210, 210, 5, '2025-11-04 21:38:21', '2025-11-04 21:38:21'),
(211, 211, 5, '2025-11-04 21:38:21', '2025-11-04 21:38:21'),
(212, 212, 5, '2025-11-04 21:38:21', '2025-11-04 21:38:21'),
(213, 213, 5, '2025-11-04 21:38:21', '2025-11-04 21:38:21'),
(214, 214, 5, '2025-11-04 21:38:21', '2025-11-04 21:38:21'),
(215, 215, 5, '2025-11-04 21:38:21', '2025-11-04 21:38:21'),
(216, 216, 5, '2025-11-04 21:38:21', '2025-11-04 21:38:21'),
(217, 217, 5, '2025-11-04 21:38:21', '2025-11-04 21:38:21'),
(218, 218, 5, '2025-11-04 21:38:21', '2025-11-04 21:38:21'),
(219, 219, 5, '2025-11-04 21:38:21', '2025-11-04 21:38:21'),
(220, 220, 5, '2025-11-04 21:38:21', '2025-11-04 21:38:21'),
(221, 221, 5, '2025-11-04 21:38:21', '2025-11-04 21:38:21'),
(222, 222, 5, '2025-11-04 21:38:21', '2025-11-04 21:38:21'),
(223, 223, 5, '2025-11-04 21:38:21', '2025-11-04 21:38:21'),
(224, 224, 5, '2025-11-04 21:38:21', '2025-11-04 21:38:21'),
(225, 225, 5, '2025-11-04 21:38:21', '2025-11-04 21:38:21'),
(226, 226, 5, '2025-11-04 21:38:21', '2025-11-04 21:38:21'),
(227, 227, 5, '2025-11-04 21:38:21', '2025-11-04 21:38:21'),
(228, 228, 5, '2025-11-04 21:38:22', '2025-11-04 21:38:22'),
(229, 229, 5, '2025-11-04 21:38:22', '2025-11-04 21:38:22'),
(230, 230, 5, '2025-11-04 21:38:22', '2025-11-04 21:38:22'),
(231, 231, 5, '2025-11-04 21:38:22', '2025-11-04 21:38:22'),
(232, 232, 5, '2025-11-04 21:38:22', '2025-11-04 21:38:22'),
(233, 233, 5, '2025-11-04 21:38:22', '2025-11-04 21:38:22'),
(234, 234, 5, '2025-11-04 21:38:22', '2025-11-04 21:38:22'),
(235, 235, 5, '2025-11-04 21:38:22', '2025-11-04 21:38:22'),
(236, 236, 5, '2025-11-04 21:38:22', '2025-11-04 21:38:22'),
(237, 237, 5, '2025-11-04 21:38:22', '2025-11-04 21:38:22'),
(238, 238, 5, '2025-11-04 21:38:22', '2025-11-04 21:38:22'),
(239, 239, 5, '2025-11-04 21:38:22', '2025-11-04 21:38:22'),
(240, 240, 5, '2025-11-04 21:38:22', '2025-11-04 21:38:22'),
(241, 241, 5, '2025-11-04 21:38:22', '2025-11-04 21:38:22'),
(242, 242, 5, '2025-11-04 21:38:22', '2025-11-04 21:38:22'),
(243, 243, 5, '2025-11-04 21:38:22', '2025-11-04 21:38:22'),
(244, 244, 5, '2025-11-04 21:38:22', '2025-11-04 21:38:22'),
(245, 245, 5, '2025-11-04 21:38:22', '2025-11-04 21:38:22'),
(246, 246, 5, '2025-11-04 21:38:22', '2025-11-04 21:38:22'),
(247, 247, 5, '2025-11-04 21:38:22', '2025-11-04 21:38:22'),
(248, 248, 5, '2025-11-04 21:38:22', '2025-11-04 21:38:22'),
(249, 249, 5, '2025-11-04 21:38:22', '2025-11-04 21:38:22'),
(250, 250, 5, '2025-11-04 21:38:22', '2025-11-04 21:38:22'),
(251, 251, 5, '2025-11-04 21:38:22', '2025-11-04 21:38:22'),
(252, 252, 5, '2025-11-04 21:38:22', '2025-11-04 21:38:22'),
(253, 253, 5, '2025-11-04 21:38:22', '2025-11-04 21:38:22'),
(254, 254, 5, '2025-11-04 21:38:22', '2025-11-04 21:38:22'),
(255, 255, 5, '2025-11-04 21:38:22', '2025-11-04 21:38:22'),
(256, 256, 5, '2025-11-04 21:38:22', '2025-11-04 21:38:22'),
(257, 257, 5, '2025-11-04 21:38:22', '2025-11-04 21:38:22'),
(258, 258, 5, '2025-11-04 21:38:22', '2025-11-04 21:38:22'),
(259, 259, 5, '2025-11-04 21:38:22', '2025-11-04 21:38:22'),
(260, 260, 5, '2025-11-04 21:38:22', '2025-11-04 21:38:22'),
(261, 261, 5, '2025-11-04 21:38:22', '2025-11-04 21:38:22');

--
-- Chỉ mục cho các bảng đã đổ
--

--
-- Chỉ mục cho bảng `activity_approval_log`
--
ALTER TABLE `activity_approval_log`
  ADD PRIMARY KEY (`id`),
  ADD KEY `fk_log_proposal` (`proposal_id`),
  ADD KEY `fk_log_user` (`performed_by`);

--
-- Chỉ mục cho bảng `activity_budget`
--
ALTER TABLE `activity_budget`
  ADD PRIMARY KEY (`id`),
  ADD KEY `fk_budget_proposal` (`proposal_id`);

--
-- Chỉ mục cho bảng `activity_fund_source`
--
ALTER TABLE `activity_fund_source`
  ADD PRIMARY KEY (`id`),
  ADD KEY `fk_source_proposal` (`proposal_id`);

--
-- Chỉ mục cho bảng `activity_proposal`
--
ALTER TABLE `activity_proposal`
  ADD PRIMARY KEY (`id`),
  ADD KEY `fk_proposer` (`proposer_id`),
  ADD KEY `fk_approver` (`approved_by`);

--
-- Chỉ mục cho bảng `fee_cashbook`
--
ALTER TABLE `fee_cashbook`
  ADD PRIMARY KEY (`id`),
  ADD KEY `fk_cashbook_payment` (`payment_id`),
  ADD KEY `fk_cashbook_user` (`recorded_by`);

--
-- Chỉ mục cho bảng `fee_generation_log`
--
ALTER TABLE `fee_generation_log`
  ADD PRIMARY KEY (`id`),
  ADD KEY `fk_log_policy` (`policy_id`);

--
-- Chỉ mục cho bảng `fee_obligation`
--
ALTER TABLE `fee_obligation`
  ADD PRIMARY KEY (`id`),
  ADD UNIQUE KEY `reference_code` (`reference_code`),
  ADD KEY `fk_obligation_user` (`user_id`),
  ADD KEY `fk_obligation_policy` (`policy_id`);

--
-- Chỉ mục cho bảng `fee_payment`
--
ALTER TABLE `fee_payment`
  ADD PRIMARY KEY (`id`),
  ADD UNIQUE KEY `transaction_code` (`transaction_code`),
  ADD KEY `fk_payment_obligation` (`obligation_id`),
  ADD KEY `fk_payment_payer` (`payer_id`),
  ADD KEY `fk_payment_collector` (`collector_id`);

--
-- Chỉ mục cho bảng `fee_policy`
--
ALTER TABLE `fee_policy`
  ADD PRIMARY KEY (`id`),
  ADD KEY `fk_policy_creator` (`created_by`);

--
-- Chỉ mục cho bảng `fee_policy_history`
--
ALTER TABLE `fee_policy_history`
  ADD PRIMARY KEY (`id`),
  ADD KEY `fk_history_policy` (`policy_id`);

--
-- Chỉ mục cho bảng `fee_policy_rule`
--
ALTER TABLE `fee_policy_rule`
  ADD PRIMARY KEY (`id`),
  ADD KEY `fk_rule_policy` (`policy_id`);

--
-- Chỉ mục cho bảng `fee_receipt`
--
ALTER TABLE `fee_receipt`
  ADD PRIMARY KEY (`id`),
  ADD UNIQUE KEY `receipt_code` (`receipt_code`),
  ADD KEY `fk_receipt_payment` (`payment_id`),
  ADD KEY `fk_receipt_user` (`issued_by`);

--
-- Chỉ mục cho bảng `organization_units`
--
ALTER TABLE `organization_units`
  ADD PRIMARY KEY (`id`),
  ADD KEY `fk_parent_unit` (`parent_id`),
  ADD KEY `fk_leader` (`leader_id`),
  ADD KEY `fk_deputy` (`deputy_id`);

--
-- Chỉ mục cho bảng `role`
--
ALTER TABLE `role`
  ADD PRIMARY KEY (`id`),
  ADD UNIQUE KEY `role_name` (`role_name`);

--
-- Chỉ mục cho bảng `users`
--
ALTER TABLE `users`
  ADD PRIMARY KEY (`userId`),
  ADD UNIQUE KEY `userName` (`userName`),
  ADD UNIQUE KEY `email` (`email`);

--
-- Chỉ mục cho bảng `user_role`
--
ALTER TABLE `user_role`
  ADD PRIMARY KEY (`id`),
  ADD KEY `user_id` (`user_id`),
  ADD KEY `role_id` (`role_id`);

--
-- AUTO_INCREMENT cho các bảng đã đổ
--

--
-- AUTO_INCREMENT cho bảng `activity_approval_log`
--
ALTER TABLE `activity_approval_log`
  MODIFY `id` int(11) NOT NULL AUTO_INCREMENT, AUTO_INCREMENT=3;

--
-- AUTO_INCREMENT cho bảng `activity_budget`
--
ALTER TABLE `activity_budget`
  MODIFY `id` int(11) NOT NULL AUTO_INCREMENT;

--
-- AUTO_INCREMENT cho bảng `activity_fund_source`
--
ALTER TABLE `activity_fund_source`
  MODIFY `id` int(11) NOT NULL AUTO_INCREMENT;

--
-- AUTO_INCREMENT cho bảng `activity_proposal`
--
ALTER TABLE `activity_proposal`
  MODIFY `id` int(11) NOT NULL AUTO_INCREMENT, AUTO_INCREMENT=2;

--
-- AUTO_INCREMENT cho bảng `fee_cashbook`
--
ALTER TABLE `fee_cashbook`
  MODIFY `id` int(11) NOT NULL AUTO_INCREMENT, AUTO_INCREMENT=15;

--
-- AUTO_INCREMENT cho bảng `fee_generation_log`
--
ALTER TABLE `fee_generation_log`
  MODIFY `id` int(11) NOT NULL AUTO_INCREMENT, AUTO_INCREMENT=14;

--
-- AUTO_INCREMENT cho bảng `fee_obligation`
--
ALTER TABLE `fee_obligation`
  MODIFY `id` int(11) NOT NULL AUTO_INCREMENT, AUTO_INCREMENT=1377;

--
-- AUTO_INCREMENT cho bảng `fee_payment`
--
ALTER TABLE `fee_payment`
  MODIFY `id` int(11) NOT NULL AUTO_INCREMENT, AUTO_INCREMENT=34;

--
-- AUTO_INCREMENT cho bảng `fee_policy`
--
ALTER TABLE `fee_policy`
  MODIFY `id` int(11) NOT NULL AUTO_INCREMENT, AUTO_INCREMENT=31;

--
-- AUTO_INCREMENT cho bảng `fee_policy_history`
--
ALTER TABLE `fee_policy_history`
  MODIFY `id` int(11) NOT NULL AUTO_INCREMENT, AUTO_INCREMENT=82;

--
-- AUTO_INCREMENT cho bảng `fee_policy_rule`
--
ALTER TABLE `fee_policy_rule`
  MODIFY `id` int(11) NOT NULL AUTO_INCREMENT, AUTO_INCREMENT=91;

--
-- AUTO_INCREMENT cho bảng `fee_receipt`
--
ALTER TABLE `fee_receipt`
  MODIFY `id` int(11) NOT NULL AUTO_INCREMENT, AUTO_INCREMENT=15;

--
-- AUTO_INCREMENT cho bảng `organization_units`
--
ALTER TABLE `organization_units`
  MODIFY `id` int(11) NOT NULL AUTO_INCREMENT, AUTO_INCREMENT=26;

--
-- AUTO_INCREMENT cho bảng `role`
--
ALTER TABLE `role`
  MODIFY `id` int(11) NOT NULL AUTO_INCREMENT, AUTO_INCREMENT=6;

--
-- AUTO_INCREMENT cho bảng `users`
--
ALTER TABLE `users`
  MODIFY `userId` int(11) NOT NULL AUTO_INCREMENT, AUTO_INCREMENT=262;

--
-- AUTO_INCREMENT cho bảng `user_role`
--
ALTER TABLE `user_role`
  MODIFY `id` int(11) NOT NULL AUTO_INCREMENT, AUTO_INCREMENT=262;

--
-- Các ràng buộc cho các bảng đã đổ
--

--
-- Các ràng buộc cho bảng `activity_approval_log`
--
ALTER TABLE `activity_approval_log`
  ADD CONSTRAINT `fk_log_proposal` FOREIGN KEY (`proposal_id`) REFERENCES `activity_proposal` (`id`) ON DELETE CASCADE ON UPDATE CASCADE,
  ADD CONSTRAINT `fk_log_user` FOREIGN KEY (`performed_by`) REFERENCES `users` (`userId`) ON DELETE CASCADE ON UPDATE CASCADE;

--
-- Các ràng buộc cho bảng `activity_budget`
--
ALTER TABLE `activity_budget`
  ADD CONSTRAINT `fk_budget_proposal` FOREIGN KEY (`proposal_id`) REFERENCES `activity_proposal` (`id`) ON DELETE CASCADE ON UPDATE CASCADE;

--
-- Các ràng buộc cho bảng `activity_fund_source`
--
ALTER TABLE `activity_fund_source`
  ADD CONSTRAINT `fk_source_proposal` FOREIGN KEY (`proposal_id`) REFERENCES `activity_proposal` (`id`) ON DELETE CASCADE ON UPDATE CASCADE;

--
-- Các ràng buộc cho bảng `activity_proposal`
--
ALTER TABLE `activity_proposal`
  ADD CONSTRAINT `fk_approver` FOREIGN KEY (`approved_by`) REFERENCES `users` (`userId`) ON DELETE SET NULL ON UPDATE CASCADE,
  ADD CONSTRAINT `fk_proposer` FOREIGN KEY (`proposer_id`) REFERENCES `users` (`userId`) ON DELETE CASCADE ON UPDATE CASCADE;

--
-- Các ràng buộc cho bảng `fee_cashbook`
--
ALTER TABLE `fee_cashbook`
  ADD CONSTRAINT `fk_cashbook_payment` FOREIGN KEY (`payment_id`) REFERENCES `fee_payment` (`id`) ON DELETE CASCADE,
  ADD CONSTRAINT `fk_cashbook_user` FOREIGN KEY (`recorded_by`) REFERENCES `users` (`userId`) ON DELETE SET NULL;

--
-- Các ràng buộc cho bảng `fee_generation_log`
--
ALTER TABLE `fee_generation_log`
  ADD CONSTRAINT `fk_log_policy` FOREIGN KEY (`policy_id`) REFERENCES `fee_policy` (`id`) ON DELETE CASCADE;

--
-- Các ràng buộc cho bảng `fee_obligation`
--
ALTER TABLE `fee_obligation`
  ADD CONSTRAINT `fk_obligation_policy` FOREIGN KEY (`policy_id`) REFERENCES `fee_policy` (`id`) ON DELETE CASCADE,
  ADD CONSTRAINT `fk_obligation_user` FOREIGN KEY (`user_id`) REFERENCES `users` (`userId`) ON DELETE CASCADE;

--
-- Các ràng buộc cho bảng `fee_payment`
--
ALTER TABLE `fee_payment`
  ADD CONSTRAINT `fk_payment_collector` FOREIGN KEY (`collector_id`) REFERENCES `users` (`userId`) ON DELETE SET NULL,
  ADD CONSTRAINT `fk_payment_obligation` FOREIGN KEY (`obligation_id`) REFERENCES `fee_obligation` (`id`) ON DELETE CASCADE,
  ADD CONSTRAINT `fk_payment_payer` FOREIGN KEY (`payer_id`) REFERENCES `users` (`userId`) ON DELETE CASCADE;

--
-- Các ràng buộc cho bảng `fee_policy`
--
ALTER TABLE `fee_policy`
  ADD CONSTRAINT `fk_policy_creator` FOREIGN KEY (`created_by`) REFERENCES `users` (`userId`) ON DELETE SET NULL;

--
-- Các ràng buộc cho bảng `fee_policy_history`
--
ALTER TABLE `fee_policy_history`
  ADD CONSTRAINT `fk_history_policy` FOREIGN KEY (`policy_id`) REFERENCES `fee_policy` (`id`) ON DELETE CASCADE;

--
-- Các ràng buộc cho bảng `fee_policy_rule`
--
ALTER TABLE `fee_policy_rule`
  ADD CONSTRAINT `fk_rule_policy` FOREIGN KEY (`policy_id`) REFERENCES `fee_policy` (`id`) ON DELETE CASCADE;

--
-- Các ràng buộc cho bảng `fee_receipt`
--
ALTER TABLE `fee_receipt`
  ADD CONSTRAINT `fk_receipt_payment` FOREIGN KEY (`payment_id`) REFERENCES `fee_payment` (`id`) ON DELETE CASCADE,
  ADD CONSTRAINT `fk_receipt_user` FOREIGN KEY (`issued_by`) REFERENCES `users` (`userId`) ON DELETE SET NULL;

--
-- Các ràng buộc cho bảng `organization_units`
--
ALTER TABLE `organization_units`
  ADD CONSTRAINT `fk_deputy` FOREIGN KEY (`deputy_id`) REFERENCES `users` (`userId`) ON DELETE SET NULL,
  ADD CONSTRAINT `fk_leader` FOREIGN KEY (`leader_id`) REFERENCES `users` (`userId`) ON DELETE SET NULL,
  ADD CONSTRAINT `fk_parent_unit` FOREIGN KEY (`parent_id`) REFERENCES `organization_units` (`id`) ON DELETE CASCADE;

--
-- Các ràng buộc cho bảng `user_role`
--
ALTER TABLE `user_role`
  ADD CONSTRAINT `user_role_ibfk_1` FOREIGN KEY (`user_id`) REFERENCES `users` (`userId`) ON DELETE CASCADE,
  ADD CONSTRAINT `user_role_ibfk_2` FOREIGN KEY (`role_id`) REFERENCES `role` (`id`) ON DELETE CASCADE;
COMMIT;

/*!40101 SET CHARACTER_SET_CLIENT=@OLD_CHARACTER_SET_CLIENT */;
/*!40101 SET CHARACTER_SET_RESULTS=@OLD_CHARACTER_SET_RESULTS */;
/*!40101 SET COLLATION_CONNECTION=@OLD_COLLATION_CONNECTION */;
